k,t,l2,pred_x,pred_y,ref_x,ref_y
0,0,0,0.371378,1.37706,0.371378,1.37706
1,0.1,0.000179641,0.512767,1.44626,0.512772,1.44644
2,0.2,0.000497006,0.659564,1.48347,0.659605,1.48397
3,0.3,0.00079025,0.808023,1.47806,0.80814,1.47884
4,0.4,0.000916979,0.953443,1.42216,0.953677,1.42305
5,0.5,0.000848485,1.0906,1.31355,1.09098,1.31431
6,0.6,0.000683118,1.21444,1.15744,1.21494,1.1579
7,0.7,0.000587456,1.3208,0.965963,1.32137,0.96609
8,0.8,0.000576154,1.40695,0.755265,1.40752,0.755178
9,0.9,0.000538864,1.4718,0.541573,1.47232,0.541438
10,1,0.000477658,1.51568,0.33789,1.51615,0.337798
11,1.1,0.000433714,1.54006,0.152369,1.54049,0.152307
12,1.2,0.000412677,1.54693,-0.0116004,1.54733,-0.0116963
13,1.3,0.000419196,1.53848,-0.154238,1.53886,-0.154419
14,1.4,0.000453677,1.51673,-0.27797,1.51708,-0.278252
15,1.5,0.000497398,1.48339,-0.386271,1.48372,-0.386642
16,1.6,0.000530726,1.43983,-0.482915,1.44014,-0.483346
17,1.7,0.000546221,1.38703,-0.571568,1.38732,-0.572032
18,1.8,0.000548565,1.32562,-0.655639,1.32589,-0.656117
19,1.9,0.000552191,1.2559,-0.738267,1.25615,-0.738759
20,2,0.000580826,1.17786,-0.822391,1.17809,-0.822926
21,2.1,0.000669194,1.09123,-0.910846,1.09141,-0.911488
22,2.2,0.000861246,0.995418,-1.00647,0.995547,-1.00732
23,2.3,0.00119499,0.889578,-1.11219,0.889609,-1.11339
24,2.4,0.00167799,0.772544,-1.23104,0.772427,-1.23271
25,2.5,0.00226645,0.64285,-1.36603,0.642524,-1.36827
26,2.6,0.0028636,0.498742,-1.5198,0.498145,-1.5226
27,2.7,0.00336792,0.338251,-1.69368,0.337335,-1.69692
28,2.8,0.00377338,0.159407,-1.88601,0.158144,-1.88957
29,2.9,0.00418915,-0.0393352,-2.0895,-0.0409608,-2.09336
30,3,0.00454856,-0.258353,-2.28794,-0.260371,-2.29201
31,3.1,0.00431276,-0.495801,-2.4532,-0.498248,-2.45675
32,3.2,0.00347962,-0.746429,-2.5444,-0.749226,-2.54647
33,3.3,0.00313469,-1.00068,-2.51513,-1.00353,-2.51642
34,3.4,0.00351215,-1.2448,-2.33518,-1.2475,-2.33742
35,3.5,0.00400422,-1.4635,-2.0137,-1.46624,-2.01662
36,3.6,0.00344165,-1.64467,-1.60001,-1.64767,-1.60171
37,3.7,0.00310196,-1.78263,-1.1608,-1.78572,-1.16065
38,3.8,0.00332622,-1.87788,-0.753522,-1.88091,-0.752156
39,3.9,0.0035195,-1.93543,-0.41081,-1.93836,-0.408853
40,4,0.00346129,-1.96235,-0.140331,-1.96512,-0.138257
41,4.1,0.00313687,-1.96562,0.0655368,-1.96818,0.0673459
42,4.2,0.0026989,-1.95103,0.220081,-1.95337,0.221425
43,4.3,0.00230799,-1.92301,0.336701,-1.92516,0.337555
44,4.4,0.00204047,-1.88475,0.426658,-1.88674,0.42709
45,4.5,0.00189724,-1.83844,0.498626,-1.84033,0.498733
46,4.6,0.00184643,-1.78554,0.559018,-1.78738,0.558885
47,4.7,0.0018564,-1.72695,0.612511,-1.72878,0.612206
48,4.8,0.00190734,-1.66319,0.662566,-1.66505,0.66213
49,4.9,0.00199022,-1.59447,0.711829,-1.59638,0.71128
50,5,0.00210287,-1.52075,0.76245,-1.52275,0.761784
51,5.1,0.00224763,-1.44182,0.816314,-1.44392,0.815503
52,5.2,0.00243051,-1.35727,0.875211,-1.35948,0.87421
53,5.3,0.00266035,-1.2665,0.940976,-1.26885,0.939727
54,5.4,0.00294598,-1.16874,1.01559,-1.17124,1.01403
55,5.5,0.00329029,-1.06301,1.10129,-1.06568,1.09936
56,5.6,0.00368347,-0.948054,1.20055,-0.95092,1.19823
57,5.7,0.00410199,-0.822382,1.31615,-0.825483,1.31347
58,5.8,0.0045202,-0.684198,1.45098,-0.687583,1.44799
59,5.9,0.00493167,-0.531438,1.60766,-0.535154,1.60441
60,6,0.00535255,-0.361843,1.78756,-0.365922,1.78409
61,6.1,0.0057656,-0.173179,1.98897,-0.177612,1.98528
62,6.2,0.00602748,0.0363377,2.20383,0.0316005,2.2001
63,6.3,0.00594315,0.267279,2.41344,0.262269,2.41025
64,6.4,0.00563317,0.51779,2.58467,0.51242,2.58297
65,6.5,0.00612913,0.781938,2.66959,0.776056,2.67131
66,6.6,0.0104627,1.04836,2.61653,1.04217,2.62497
67,6.7,0.0175033,1.30116,2.39722,1.2955,2.41379
68,6.8,0.0217942,1.52388,2.03016,1.51984,2.05158
69,6.9,0.0212353,1.70462,1.57646,1.70274,1.59761
70,7,0.0177416,1.83885,1.11138,1.8389,1.12912
71,7.1,0.0134877,1.92858,0.694004,1.93016,0.707398
72,7.2,0.00987239,1.98015,0.352664,1.98296,0.36213
73,7.3,0.00750811,2.00159,0.0895997,2.00524,0.096156
74,7.4,0.00621069,2.00025,-0.106669,2.00445,-0.10209
75,7.5,0.00560041,1.98203,-0.251704,1.98656,-0.248405
76,7.6,0.00537503,1.95126,-0.35998,1.95601,-0.357456
77,7.7,0.0053513,1.911,-0.443058,1.91591,-0.440944
78,7.8,0.00544187,1.8633,-0.509518,1.86838,-0.507551
79,7.9,0.00561533,1.80951,-0.565526,1.81476,-0.563514
80,8,0.00586667,1.75044,-0.615491,1.75588,-0.613286
81,8.1,0.00620172,1.68653,-0.662624,1.6922,-0.660105
82,8.2,0.00663014,1.61793,-0.709358,1.62387,-0.70642
83,8.3,0.00716218,1.54459,-0.75766,1.55086,-0.754206
84,8.4,0.00780683,1.46626,-0.809249,1.47293,-0.805186
85,8.5,0.00857004,1.38254,-0.865766,1.38966,-0.861004
86,8.6,0.0094531,1.29285,-0.928897,1.30051,-0.923356
87,8.7,0.0104518,1.19644,-1.00048,1.20471,-0.994092
88,8.8,0.0115578,1.09237,-1.0826,1.10134,-1.07531
89,8.9,0.0127649,0.979475,-1.17766,0.989223,-1.16942
90,9,0.014081,0.856319,-1.28837,0.866938,-1.27912
91,9.1,0.0155414,0.721192,-1.41769,0.732781,-1.40734
92,9.2,0.0172057,0.572086,-1.56849,0.584759,-1.55685
93,9.3,0.0191005,0.40674,-1.74265,0.420635,-1.72955
94,9.4,0.0210692,0.222816,-1.9394,0.238089,-1.92488
95,9.5,0.0226154,0.0183053,-2.15241,0.0350812,-2.13724
96,9.6,0.023067,-0.20772,-2.36604,-0.189453,-2.35196
97,9.7,0.0221473,-0.453953,-2.55139,-0.434468,-2.54086
98,9.8,0.0204495,-0.715478,-2.66412,-0.695332,-2.66061
99,9.9,0.0219261,-0.982602,-2.65084,-0.962557,-2.65973
100,10,0.0315652,-1.24067,-2.4735,-1.2219,-2.49888
