K,Trajectory,Method,Metric,Value
50,0,Reference,Correlation Dimension,1.324884
50,0,Reference,Approximate Entropy,0.036050
50,0,Reference,Lyapunov Exponent,-2.274979
50,0,Baseline,Correlation Dimension,1.303848
50,0,Baseline,Approximate Entropy,0.033730
50,0,Baseline,Lyapunov Exponent,-2.242560
50,0,ANI-2,Correlation Dimension,1.303848
50,0,ANI-2,Approximate Entropy,0.036367
50,0,ANI-2,Lyapunov Exponent,-2.276441
50,0,ANI-4,Correlation Dimension,1.330944
50,0,ANI-4,Approximate Entropy,0.035883
50,0,ANI-4,Lyapunov Exponent,-2.280668
60,0,Reference,Correlation Dimension,1.422253
60,0,Reference,Approximate Entropy,0.033503
60,0,Reference,Lyapunov Exponent,-2.090496
60,0,Baseline,Correlation Dimension,1.332846
60,0,Baseline,Approximate Entropy,0.040299
60,0,Baseline,Lyapunov Exponent,-2.217141
60,0,ANI-2,Correlation Dimension,1.396379
60,0,ANI-2,Approximate Entropy,0.037458
60,0,ANI-2,Lyapunov Exponent,-2.137115
60,0,ANI-4,Correlation Dimension,1.417649
60,0,ANI-4,Approximate Entropy,0.031596
60,0,ANI-4,Lyapunov Exponent,-2.062849
70,0,Reference,Correlation Dimension,1.452724
70,0,Reference,Approximate Entropy,0.031989
70,0,Reference,Lyapunov Exponent,-0.491317
70,0,Baseline,Correlation Dimension,1.347814
70,0,Baseline,Approximate Entropy,0.043416
70,0,Baseline,Lyapunov Exponent,-0.790319
70,0,ANI-2,Correlation Dimension,1.394128
70,0,ANI-2,Approximate Entropy,0.037661
70,0,ANI-2,Lyapunov Exponent,-0.462367
70,0,ANI-4,Correlation Dimension,1.471977
70,0,ANI-4,Approximate Entropy,0.032231
70,0,ANI-4,Lyapunov Exponent,-0.488096
80,0,Reference,Correlation Dimension,1.555475
80,0,Reference,Approximate Entropy,0.040203
80,0,Reference,Lyapunov Exponent,-0.695620
80,0,Baseline,Correlation Dimension,1.490627
80,0,Baseline,Approximate Entropy,0.040606
80,0,Baseline,Lyapunov Exponent,-0.781233
80,0,ANI-2,Correlation Dimension,1.536664
80,0,ANI-2,Approximate Entropy,0.041109
80,0,ANI-2,Lyapunov Exponent,-0.770479
80,0,ANI-4,Correlation Dimension,1.552143
80,0,ANI-4,Approximate Entropy,0.041489
80,0,ANI-4,Lyapunov Exponent,-0.766180
90,0,Reference,Correlation Dimension,1.722287
90,0,Reference,Approximate Entropy,0.048249
90,0,Reference,Lyapunov Exponent,-0.561181
90,0,Baseline,Correlation Dimension,1.642463
90,0,Baseline,Approximate Entropy,0.047211
90,0,Baseline,Lyapunov Exponent,-0.563739
90,0,ANI-2,Correlation Dimension,1.624776
90,0,ANI-2,Approximate Entropy,0.044720
90,0,ANI-2,Lyapunov Exponent,-0.587419
90,0,ANI-4,Correlation Dimension,1.706664
90,0,ANI-4,Approximate Entropy,0.046536
90,0,ANI-4,Lyapunov Exponent,-0.557588
100,0,Reference,Correlation Dimension,1.957440
100,0,Reference,Approximate Entropy,0.038526
100,0,Reference,Lyapunov Exponent,-0.643478
100,0,Baseline,Correlation Dimension,1.766846
100,0,Baseline,Approximate Entropy,0.046890
100,0,Baseline,Lyapunov Exponent,-0.769226
100,0,ANI-2,Correlation Dimension,1.823400
100,0,ANI-2,Approximate Entropy,0.043875
100,0,ANI-2,Lyapunov Exponent,-0.725925
100,0,ANI-4,Correlation Dimension,1.942601
100,0,ANI-4,Approximate Entropy,0.040553
100,0,ANI-4,Lyapunov Exponent,-0.662452
110,0,Reference,Correlation Dimension,2.064865
110,0,Reference,Approximate Entropy,0.039515
110,0,Reference,Lyapunov Exponent,-0.299228
110,0,Baseline,Correlation Dimension,1.885489
110,0,Baseline,Approximate Entropy,0.042381
110,0,Baseline,Lyapunov Exponent,-0.369664
110,0,ANI-2,Correlation Dimension,1.962313
110,0,ANI-2,Approximate Entropy,0.039978
110,0,ANI-2,Lyapunov Exponent,-0.352807
110,0,ANI-4,Correlation Dimension,2.130759
110,0,ANI-4,Approximate Entropy,0.039504
110,0,ANI-4,Lyapunov Exponent,-0.268957
120,0,Reference,Correlation Dimension,2.247466
120,0,Reference,Approximate Entropy,0.036857
120,0,Reference,Lyapunov Exponent,0.058700
120,0,Baseline,Correlation Dimension,1.971287
120,0,Baseline,Approximate Entropy,0.039732
120,0,Baseline,Lyapunov Exponent,-0.093309
120,0,ANI-2,Correlation Dimension,2.122460
120,0,ANI-2,Approximate Entropy,0.037431
120,0,ANI-2,Lyapunov Exponent,0.035647
120,0,ANI-4,Correlation Dimension,2.231768
120,0,ANI-4,Approximate Entropy,0.035571
120,0,ANI-4,Lyapunov Exponent,-0.011435
130,0,Reference,Correlation Dimension,2.432284
130,0,Reference,Approximate Entropy,0.033094
130,0,Reference,Lyapunov Exponent,0.252784
130,0,Baseline,Correlation Dimension,2.080113
130,0,Baseline,Approximate Entropy,0.036295
130,0,Baseline,Lyapunov Exponent,0.237035
130,0,ANI-2,Correlation Dimension,2.362287
130,0,ANI-2,Approximate Entropy,0.036890
130,0,ANI-2,Lyapunov Exponent,0.204673
130,0,ANI-4,Correlation Dimension,2.424451
130,0,ANI-4,Approximate Entropy,0.036219
130,0,ANI-4,Lyapunov Exponent,0.278767
140,0,Reference,Correlation Dimension,2.440024
140,0,Reference,Approximate Entropy,0.040972
140,0,Reference,Lyapunov Exponent,0.091208
140,0,Baseline,Correlation Dimension,2.372120
140,0,Baseline,Approximate Entropy,0.041645
140,0,Baseline,Lyapunov Exponent,0.066660
140,0,ANI-2,Correlation Dimension,2.450203
140,0,ANI-2,Approximate Entropy,0.041406
140,0,ANI-2,Lyapunov Exponent,0.073915
140,0,ANI-4,Correlation Dimension,2.440024
140,0,ANI-4,Approximate Entropy,0.047741
140,0,ANI-4,Lyapunov Exponent,0.116955
150,0,Reference,Correlation Dimension,2.462707
150,0,Reference,Approximate Entropy,0.043338
150,0,Reference,Lyapunov Exponent,0.264978
150,0,Baseline,Correlation Dimension,2.376981
150,0,Baseline,Approximate Entropy,0.037787
150,0,Baseline,Lyapunov Exponent,0.220735
150,0,ANI-2,Correlation Dimension,2.465179
150,0,ANI-2,Approximate Entropy,0.039370
150,0,ANI-2,Lyapunov Exponent,0.262829
150,0,ANI-4,Correlation Dimension,2.457734
150,0,ANI-4,Approximate Entropy,0.047834
150,0,ANI-4,Lyapunov Exponent,0.248121
160,0,Reference,Correlation Dimension,2.491772
160,0,Reference,Approximate Entropy,0.039640
160,0,Reference,Lyapunov Exponent,0.230361
160,0,Baseline,Correlation Dimension,2.410033
160,0,Baseline,Approximate Entropy,0.037547
160,0,Baseline,Lyapunov Exponent,0.197473
160,0,ANI-2,Correlation Dimension,2.496493
160,0,ANI-2,Approximate Entropy,0.036183
160,0,ANI-2,Lyapunov Exponent,0.235639
160,0,ANI-4,Correlation Dimension,2.489399
160,0,ANI-4,Approximate Entropy,0.044070
160,0,ANI-4,Lyapunov Exponent,0.230932
170,0,Reference,Correlation Dimension,2.496493
170,0,Reference,Approximate Entropy,0.038168
170,0,Reference,Lyapunov Exponent,0.277982
170,0,Baseline,Correlation Dimension,2.416902
170,0,Baseline,Approximate Entropy,0.035705
170,0,Baseline,Lyapunov Exponent,0.207608
170,0,ANI-2,Correlation Dimension,2.503510
170,0,ANI-2,Approximate Entropy,0.034210
170,0,ANI-2,Lyapunov Exponent,0.268886
170,0,ANI-4,Correlation Dimension,2.484626
170,0,ANI-4,Approximate Entropy,0.041666
170,0,ANI-4,Lyapunov Exponent,0.271919
180,0,Reference,Correlation Dimension,2.510453
180,0,Reference,Approximate Entropy,0.039751
180,0,Reference,Lyapunov Exponent,0.357912
180,0,Baseline,Correlation Dimension,2.432654
180,0,Baseline,Approximate Entropy,0.036650
180,0,Baseline,Lyapunov Exponent,0.347085
180,0,ANI-2,Correlation Dimension,2.519596
180,0,ANI-2,Approximate Entropy,0.034448
180,0,ANI-2,Lyapunov Exponent,0.358209
180,0,ANI-4,Correlation Dimension,2.501179
180,0,ANI-4,Approximate Entropy,0.042959
180,0,ANI-4,Lyapunov Exponent,0.347832
190,0,Reference,Correlation Dimension,2.524120
190,0,Reference,Approximate Entropy,0.040630
190,0,Reference,Lyapunov Exponent,0.284074
190,0,Baseline,Correlation Dimension,2.450203
190,0,Baseline,Approximate Entropy,0.034307
190,0,Baseline,Lyapunov Exponent,0.247795
190,0,ANI-2,Correlation Dimension,2.535294
190,0,ANI-2,Approximate Entropy,0.038177
190,0,ANI-2,Lyapunov Exponent,0.264589
190,0,ANI-4,Correlation Dimension,2.640634
190,0,ANI-4,Approximate Entropy,0.040313
190,0,ANI-4,Lyapunov Exponent,0.285707
200,0,Reference,Correlation Dimension,2.557083
200,0,Reference,Approximate Entropy,0.040037
200,0,Reference,Lyapunov Exponent,0.223178
200,0,Baseline,Correlation Dimension,2.475669
200,0,Baseline,Approximate Entropy,0.035889
200,0,Baseline,Lyapunov Exponent,0.248581
200,0,ANI-2,Correlation Dimension,2.563481
200,0,ANI-2,Approximate Entropy,0.035135
200,0,ANI-2,Lyapunov Exponent,0.227696
200,0,ANI-4,Correlation Dimension,2.557083
200,0,ANI-4,Approximate Entropy,0.041451
200,0,ANI-4,Lyapunov Exponent,0.246584
210,0,Reference,Correlation Dimension,2.578168
210,0,Reference,Approximate Entropy,0.037503
210,0,Reference,Lyapunov Exponent,0.148389
210,0,Baseline,Correlation Dimension,2.504175
210,0,Baseline,Approximate Entropy,0.037554
210,0,Baseline,Lyapunov Exponent,0.055783
210,0,ANI-2,Correlation Dimension,2.588459
210,0,ANI-2,Approximate Entropy,0.034539
210,0,ANI-2,Lyapunov Exponent,0.100101
210,0,ANI-4,Correlation Dimension,2.578168
210,0,ANI-4,Approximate Entropy,0.039197
210,0,ANI-4,Lyapunov Exponent,0.160969
220,0,Reference,Correlation Dimension,2.592531
220,0,Reference,Approximate Entropy,0.035384
220,0,Reference,Lyapunov Exponent,0.358257
220,0,Baseline,Correlation Dimension,2.444497
220,0,Baseline,Approximate Entropy,0.038537
220,0,Baseline,Lyapunov Exponent,0.318816
220,0,ANI-2,Correlation Dimension,2.512095
220,0,ANI-2,Approximate Entropy,0.039704
220,0,ANI-2,Lyapunov Exponent,0.353361
220,0,ANI-4,Correlation Dimension,2.492110
220,0,ANI-4,Approximate Entropy,0.037007
220,0,ANI-4,Lyapunov Exponent,0.346022
230,0,Reference,Correlation Dimension,2.430985
230,0,Reference,Approximate Entropy,0.043187
230,0,Reference,Lyapunov Exponent,0.262404
230,0,Baseline,Correlation Dimension,2.246525
230,0,Baseline,Approximate Entropy,0.042703
230,0,Baseline,Lyapunov Exponent,0.283456
230,0,ANI-2,Correlation Dimension,2.436810
230,0,ANI-2,Approximate Entropy,0.044175
230,0,ANI-2,Lyapunov Exponent,0.260442
230,0,ANI-4,Correlation Dimension,2.417187
230,0,ANI-4,Approximate Entropy,0.041384
230,0,ANI-4,Lyapunov Exponent,0.272702
240,0,Reference,Correlation Dimension,2.442583
240,0,Reference,Approximate Entropy,0.041588
240,0,Reference,Lyapunov Exponent,0.398339
240,0,Baseline,Correlation Dimension,2.261416
240,0,Baseline,Approximate Entropy,0.038792
240,0,Baseline,Lyapunov Exponent,0.369232
240,0,ANI-2,Correlation Dimension,2.308614
240,0,ANI-2,Approximate Entropy,0.041178
240,0,ANI-2,Lyapunov Exponent,0.326033
240,0,ANI-4,Correlation Dimension,2.365855
240,0,ANI-4,Approximate Entropy,0.041907
240,0,ANI-4,Lyapunov Exponent,0.409097
250,0,Reference,Correlation Dimension,2.182267
250,0,Reference,Approximate Entropy,0.054863
250,0,Reference,Lyapunov Exponent,0.390791
250,0,Baseline,Correlation Dimension,2.114583
250,0,Baseline,Approximate Entropy,0.057221
250,0,Baseline,Lyapunov Exponent,0.338575
250,0,ANI-2,Correlation Dimension,2.185525
250,0,ANI-2,Approximate Entropy,0.058099
250,0,ANI-2,Lyapunov Exponent,0.336534
250,0,ANI-4,Correlation Dimension,2.130759
250,0,ANI-4,Approximate Entropy,0.047012
250,0,ANI-4,Lyapunov Exponent,0.367590
260,0,Reference,Correlation Dimension,2.110482
260,0,Reference,Approximate Entropy,0.042752
260,0,Reference,Lyapunov Exponent,0.374715
260,0,Baseline,Correlation Dimension,2.083749
260,0,Baseline,Approximate Entropy,0.044347
260,0,Baseline,Lyapunov Exponent,0.338139
260,0,ANI-2,Correlation Dimension,2.136233
260,0,ANI-2,Approximate Entropy,0.042655
260,0,ANI-2,Lyapunov Exponent,0.324961
260,0,ANI-4,Correlation Dimension,2.117164
260,0,ANI-4,Approximate Entropy,0.047125
260,0,ANI-4,Lyapunov Exponent,0.313689
270,0,Reference,Correlation Dimension,2.047499
270,0,Reference,Approximate Entropy,0.044126
270,0,Reference,Lyapunov Exponent,0.397893
270,0,Baseline,Correlation Dimension,2.028274
270,0,Baseline,Approximate Entropy,0.042649
270,0,Baseline,Lyapunov Exponent,0.362084
270,0,ANI-2,Correlation Dimension,2.064119
270,0,ANI-2,Approximate Entropy,0.040393
270,0,ANI-2,Lyapunov Exponent,0.342204
270,0,ANI-4,Correlation Dimension,2.053582
270,0,ANI-4,Approximate Entropy,0.043620
270,0,ANI-4,Lyapunov Exponent,0.347112
280,0,Reference,Correlation Dimension,2.036267
280,0,Reference,Approximate Entropy,0.042066
280,0,Reference,Lyapunov Exponent,0.416799
280,0,Baseline,Correlation Dimension,2.024124
280,0,Baseline,Approximate Entropy,0.039940
280,0,Baseline,Lyapunov Exponent,0.374734
280,0,ANI-2,Correlation Dimension,2.062672
280,0,ANI-2,Approximate Entropy,0.041080
280,0,ANI-2,Lyapunov Exponent,0.401939
280,0,ANI-4,Correlation Dimension,2.055060
280,0,ANI-4,Approximate Entropy,0.044144
280,0,ANI-4,Lyapunov Exponent,0.391052
290,0,Reference,Correlation Dimension,2.008680
290,0,Reference,Approximate Entropy,0.043963
290,0,Reference,Lyapunov Exponent,0.401315
290,0,Baseline,Correlation Dimension,1.981387
290,0,Baseline,Approximate Entropy,0.040618
290,0,Baseline,Lyapunov Exponent,0.428760
290,0,ANI-2,Correlation Dimension,2.030339
290,0,ANI-2,Approximate Entropy,0.040136
290,0,ANI-2,Lyapunov Exponent,0.450047
290,0,ANI-4,Correlation Dimension,1.963283
290,0,ANI-4,Approximate Entropy,0.047306
290,0,ANI-4,Lyapunov Exponent,0.369511
300,0,Reference,Correlation Dimension,2.020367
300,0,Reference,Approximate Entropy,0.041598
300,0,Reference,Lyapunov Exponent,0.559501
300,0,Baseline,Correlation Dimension,2.027032
300,0,Baseline,Approximate Entropy,0.044210
300,0,Baseline,Lyapunov Exponent,0.525248
300,0,ANI-2,Correlation Dimension,2.008538
300,0,ANI-2,Approximate Entropy,0.044092
300,0,ANI-2,Lyapunov Exponent,0.540333
300,0,ANI-4,Correlation Dimension,2.045086
300,0,ANI-4,Approximate Entropy,0.041757
300,0,ANI-4,Lyapunov Exponent,0.552167
310,0,Reference,Correlation Dimension,2.009112
310,0,Reference,Approximate Entropy,0.041566
310,0,Reference,Lyapunov Exponent,0.591164
310,0,Baseline,Correlation Dimension,1.998967
310,0,Baseline,Approximate Entropy,0.044752
310,0,Baseline,Lyapunov Exponent,0.586563
310,0,ANI-2,Correlation Dimension,2.018125
310,0,ANI-2,Approximate Entropy,0.043223
310,0,ANI-2,Lyapunov Exponent,0.570221
310,0,ANI-4,Correlation Dimension,2.004559
310,0,ANI-4,Approximate Entropy,0.041992
310,0,ANI-4,Lyapunov Exponent,0.588509
320,0,Reference,Correlation Dimension,2.005889
320,0,Reference,Approximate Entropy,0.046656
320,0,Reference,Lyapunov Exponent,0.540912
320,0,Baseline,Correlation Dimension,1.960469
320,0,Baseline,Approximate Entropy,0.047563
320,0,Baseline,Lyapunov Exponent,0.549019
320,0,ANI-2,Correlation Dimension,1.976979
320,0,ANI-2,Approximate Entropy,0.051580
320,0,ANI-2,Lyapunov Exponent,0.530111
320,0,ANI-4,Correlation Dimension,2.000473
320,0,ANI-4,Approximate Entropy,0.045374
320,0,ANI-4,Lyapunov Exponent,0.531043
330,0,Reference,Correlation Dimension,1.989858
330,0,Reference,Approximate Entropy,0.047434
330,0,Reference,Lyapunov Exponent,0.473534
330,0,Baseline,Correlation Dimension,1.968726
330,0,Baseline,Approximate Entropy,0.048643
330,0,Baseline,Lyapunov Exponent,0.473935
330,0,ANI-2,Correlation Dimension,1.975955
330,0,ANI-2,Approximate Entropy,0.052818
330,0,ANI-2,Lyapunov Exponent,0.462115
330,0,ANI-4,Correlation Dimension,1.998955
330,0,ANI-4,Approximate Entropy,0.045769
330,0,ANI-4,Lyapunov Exponent,0.465383
340,0,Reference,Correlation Dimension,1.982775
340,0,Reference,Approximate Entropy,0.045435
340,0,Reference,Lyapunov Exponent,0.409357
340,0,Baseline,Correlation Dimension,1.976573
340,0,Baseline,Approximate Entropy,0.050637
340,0,Baseline,Lyapunov Exponent,0.356874
340,0,ANI-2,Correlation Dimension,1.998658
340,0,ANI-2,Approximate Entropy,0.050736
340,0,ANI-2,Lyapunov Exponent,0.288979
340,0,ANI-4,Correlation Dimension,1.968467
340,0,ANI-4,Approximate Entropy,0.047144
340,0,ANI-4,Lyapunov Exponent,0.422696
350,0,Reference,Correlation Dimension,2.004028
350,0,Reference,Approximate Entropy,0.049267
350,0,Reference,Lyapunov Exponent,0.417673
350,0,Baseline,Correlation Dimension,2.725562
350,0,Baseline,Approximate Entropy,0.051368
350,0,Baseline,Lyapunov Exponent,0.422476
350,0,ANI-2,Correlation Dimension,1.970699
350,0,ANI-2,Approximate Entropy,0.052141
350,0,ANI-2,Lyapunov Exponent,0.410761
350,0,ANI-4,Correlation Dimension,2.995862
350,0,ANI-4,Approximate Entropy,0.049589
350,0,ANI-4,Lyapunov Exponent,0.396782
360,0,Reference,Correlation Dimension,2.729199
360,0,Reference,Approximate Entropy,0.051377
360,0,Reference,Lyapunov Exponent,0.444536
360,0,Baseline,Correlation Dimension,2.580026
360,0,Baseline,Approximate Entropy,0.048950
360,0,Baseline,Lyapunov Exponent,0.393547
360,0,ANI-2,Correlation Dimension,2.727420
360,0,ANI-2,Approximate Entropy,0.052872
360,0,ANI-2,Lyapunov Exponent,0.431131
360,0,ANI-4,Correlation Dimension,2.600179
360,0,ANI-4,Approximate Entropy,0.053844
360,0,ANI-4,Lyapunov Exponent,0.447690
370,0,Reference,Correlation Dimension,2.489913
370,0,Reference,Approximate Entropy,0.052511
370,0,Reference,Lyapunov Exponent,0.536367
370,0,Baseline,Correlation Dimension,2.400277
370,0,Baseline,Approximate Entropy,0.051318
370,0,Baseline,Lyapunov Exponent,0.462136
370,0,ANI-2,Correlation Dimension,2.737674
370,0,ANI-2,Approximate Entropy,0.054430
370,0,ANI-2,Lyapunov Exponent,0.478036
370,0,ANI-4,Correlation Dimension,2.513154
370,0,ANI-4,Approximate Entropy,0.049657
370,0,ANI-4,Lyapunov Exponent,0.436556
380,0,Reference,Correlation Dimension,2.490595
380,0,Reference,Approximate Entropy,0.057101
380,0,Reference,Lyapunov Exponent,0.364641
380,0,Baseline,Correlation Dimension,2.405531
380,0,Baseline,Approximate Entropy,0.057147
380,0,Baseline,Lyapunov Exponent,0.408107
380,0,ANI-2,Correlation Dimension,2.584964
380,0,ANI-2,Approximate Entropy,0.057285
380,0,ANI-2,Lyapunov Exponent,0.409460
380,0,ANI-4,Correlation Dimension,2.378975
380,0,ANI-4,Approximate Entropy,0.052265
380,0,ANI-4,Lyapunov Exponent,0.508620
390,0,Reference,Correlation Dimension,2.508029
390,0,Reference,Approximate Entropy,0.055459
390,0,Reference,Lyapunov Exponent,0.450956
390,0,Baseline,Correlation Dimension,2.430547
390,0,Baseline,Approximate Entropy,0.060757
390,0,Baseline,Lyapunov Exponent,0.436303
390,0,ANI-2,Correlation Dimension,2.502477
390,0,ANI-2,Approximate Entropy,0.065050
390,0,ANI-2,Lyapunov Exponent,0.409884
390,0,ANI-4,Correlation Dimension,2.384981
390,0,ANI-4,Approximate Entropy,0.056099
390,0,ANI-4,Lyapunov Exponent,0.337852
400,0,Reference,Correlation Dimension,2.375033
400,0,Reference,Approximate Entropy,0.056114
400,0,Reference,Lyapunov Exponent,0.417025
400,0,Baseline,Correlation Dimension,2.379220
400,0,Baseline,Approximate Entropy,0.061161
400,0,Baseline,Lyapunov Exponent,0.422081
400,0,ANI-2,Correlation Dimension,2.372700
400,0,ANI-2,Approximate Entropy,0.065459
400,0,ANI-2,Lyapunov Exponent,0.392927
400,0,ANI-4,Correlation Dimension,2.392479
400,0,ANI-4,Approximate Entropy,0.059769
400,0,ANI-4,Lyapunov Exponent,0.481017
410,0,Reference,Correlation Dimension,2.382297
410,0,Reference,Approximate Entropy,0.055955
410,0,Reference,Lyapunov Exponent,0.347433
410,0,Baseline,Correlation Dimension,2.324898
410,0,Baseline,Approximate Entropy,0.061883
410,0,Baseline,Lyapunov Exponent,0.361113
410,0,ANI-2,Correlation Dimension,2.381025
410,0,ANI-2,Approximate Entropy,0.065071
410,0,ANI-2,Lyapunov Exponent,0.324948
410,0,ANI-4,Correlation Dimension,2.400071
410,0,ANI-4,Approximate Entropy,0.059619
410,0,ANI-4,Lyapunov Exponent,0.454867
420,0,Reference,Correlation Dimension,2.388404
420,0,Reference,Approximate Entropy,0.056339
420,0,Reference,Lyapunov Exponent,0.375958
420,0,Baseline,Correlation Dimension,2.331602
420,0,Baseline,Approximate Entropy,0.061873
420,0,Baseline,Lyapunov Exponent,0.375690
420,0,ANI-2,Correlation Dimension,2.391366
420,0,ANI-2,Approximate Entropy,0.064468
420,0,ANI-2,Lyapunov Exponent,0.383581
420,0,ANI-4,Correlation Dimension,2.401166
420,0,ANI-4,Approximate Entropy,0.061073
420,0,ANI-4,Lyapunov Exponent,0.386598
430,0,Reference,Correlation Dimension,2.400539
430,0,Reference,Approximate Entropy,0.056891
430,0,Reference,Lyapunov Exponent,0.496644
430,0,Baseline,Correlation Dimension,2.341391
430,0,Baseline,Approximate Entropy,0.058083
430,0,Baseline,Lyapunov Exponent,0.489441
430,0,ANI-2,Correlation Dimension,2.405955
430,0,ANI-2,Approximate Entropy,0.063667
430,0,ANI-2,Lyapunov Exponent,0.478088
430,0,ANI-4,Correlation Dimension,2.406669
430,0,ANI-4,Approximate Entropy,0.059986
430,0,ANI-4,Lyapunov Exponent,0.454237
440,0,Reference,Correlation Dimension,2.410654
440,0,Reference,Approximate Entropy,0.056188
440,0,Reference,Lyapunov Exponent,0.572654
440,0,Baseline,Correlation Dimension,2.362237
440,0,Baseline,Approximate Entropy,0.057708
440,0,Baseline,Lyapunov Exponent,0.467517
440,0,ANI-2,Correlation Dimension,2.415104
440,0,ANI-2,Approximate Entropy,0.061885
440,0,ANI-2,Lyapunov Exponent,0.340287
440,0,ANI-4,Correlation Dimension,2.365668
440,0,ANI-4,Approximate Entropy,0.056144
440,0,ANI-4,Lyapunov Exponent,0.548243
450,0,Reference,Correlation Dimension,2.331719
450,0,Reference,Approximate Entropy,0.053068
450,0,Reference,Lyapunov Exponent,0.579094
450,0,Baseline,Correlation Dimension,2.387225
450,0,Baseline,Approximate Entropy,0.057290
450,0,Baseline,Lyapunov Exponent,0.592116
450,0,ANI-2,Correlation Dimension,2.426047
450,0,ANI-2,Approximate Entropy,0.061960
450,0,ANI-2,Lyapunov Exponent,0.554206
450,0,ANI-4,Correlation Dimension,2.333842
450,0,ANI-4,Approximate Entropy,0.053964
450,0,ANI-4,Lyapunov Exponent,0.581710
460,0,Reference,Correlation Dimension,2.287791
460,0,Reference,Approximate Entropy,0.056999
460,0,Reference,Lyapunov Exponent,0.529840
460,0,Baseline,Correlation Dimension,2.229291
460,0,Baseline,Approximate Entropy,0.056940
460,0,Baseline,Lyapunov Exponent,0.585701
460,0,ANI-2,Correlation Dimension,2.381309
460,0,ANI-2,Approximate Entropy,0.061613
460,0,ANI-2,Lyapunov Exponent,0.494257
460,0,ANI-4,Correlation Dimension,2.292252
460,0,ANI-4,Approximate Entropy,0.055840
460,0,ANI-4,Lyapunov Exponent,0.574415
470,0,Reference,Correlation Dimension,2.330413
470,0,Reference,Approximate Entropy,0.057021
470,0,Reference,Lyapunov Exponent,0.504603
470,0,Baseline,Correlation Dimension,2.237436
470,0,Baseline,Approximate Entropy,0.059493
470,0,Baseline,Lyapunov Exponent,0.561162
470,0,ANI-2,Correlation Dimension,2.381157
470,0,ANI-2,Approximate Entropy,0.063896
470,0,ANI-2,Lyapunov Exponent,0.506179
470,0,ANI-4,Correlation Dimension,2.296035
470,0,ANI-4,Approximate Entropy,0.055613
470,0,ANI-4,Lyapunov Exponent,0.506927
480,0,Reference,Correlation Dimension,2.336068
480,0,Reference,Approximate Entropy,0.056826
480,0,Reference,Lyapunov Exponent,0.592968
480,0,Baseline,Correlation Dimension,2.239776
480,0,Baseline,Approximate Entropy,0.060569
480,0,Baseline,Lyapunov Exponent,0.612850
480,0,ANI-2,Correlation Dimension,2.391357
480,0,ANI-2,Approximate Entropy,0.065247
480,0,ANI-2,Lyapunov Exponent,0.554104
480,0,ANI-4,Correlation Dimension,2.344826
480,0,ANI-4,Approximate Entropy,0.054915
480,0,ANI-4,Lyapunov Exponent,0.491865
490,0,Reference,Correlation Dimension,2.332166
490,0,Reference,Approximate Entropy,0.061876
490,0,Reference,Lyapunov Exponent,0.685500
490,0,Baseline,Correlation Dimension,2.191747
490,0,Baseline,Approximate Entropy,0.059528
490,0,Baseline,Lyapunov Exponent,0.615201
490,0,ANI-2,Correlation Dimension,2.270195
490,0,ANI-2,Approximate Entropy,0.063221
490,0,ANI-2,Lyapunov Exponent,0.534474
490,0,ANI-4,Correlation Dimension,2.299239
490,0,ANI-4,Approximate Entropy,0.057903
490,0,ANI-4,Lyapunov Exponent,0.649154
500,0,Reference,Correlation Dimension,2.336461
500,0,Reference,Approximate Entropy,0.064629
500,0,Reference,Lyapunov Exponent,0.638641
500,0,Baseline,Correlation Dimension,2.198767
500,0,Baseline,Approximate Entropy,0.062250
500,0,Baseline,Lyapunov Exponent,0.591228
500,0,ANI-2,Correlation Dimension,2.273699
500,0,ANI-2,Approximate Entropy,0.063068
500,0,ANI-2,Lyapunov Exponent,0.504125
500,0,ANI-4,Correlation Dimension,2.304991
500,0,ANI-4,Approximate Entropy,0.058233
500,0,ANI-4,Lyapunov Exponent,0.680683
50,1,Reference,Correlation Dimension,2.096910
50,1,Reference,Approximate Entropy,0.014972
50,1,Reference,Lyapunov Exponent,-0.925358
50,1,Baseline,Correlation Dimension,2.096910
50,1,Baseline,Approximate Entropy,0.014114
50,1,Baseline,Lyapunov Exponent,-0.936934
50,1,ANI-2,Correlation Dimension,2.096910
50,1,ANI-2,Approximate Entropy,0.014972
50,1,ANI-2,Lyapunov Exponent,-0.930126
50,1,ANI-4,Correlation Dimension,2.096910
50,1,ANI-4,Approximate Entropy,0.014972
50,1,ANI-4,Lyapunov Exponent,-0.923749
60,1,Reference,Correlation Dimension,3.765818
60,1,Reference,Approximate Entropy,0.010546
60,1,Reference,Lyapunov Exponent,-0.651494
60,1,Baseline,Correlation Dimension,2.898425
60,1,Baseline,Approximate Entropy,0.010546
60,1,Baseline,Lyapunov Exponent,-0.682334
60,1,ANI-2,Correlation Dimension,3.801515
60,1,ANI-2,Approximate Entropy,0.010546
60,1,ANI-2,Lyapunov Exponent,-0.682847
60,1,ANI-4,Correlation Dimension,3.765818
60,1,ANI-4,Approximate Entropy,0.010546
60,1,ANI-4,Lyapunov Exponent,-0.651493
70,1,Reference,Correlation Dimension,2.197181
70,1,Reference,Approximate Entropy,0.012778
70,1,Reference,Lyapunov Exponent,0.049375
70,1,Baseline,Correlation Dimension,2.197181
70,1,Baseline,Approximate Entropy,0.012407
70,1,Baseline,Lyapunov Exponent,0.073838
70,1,ANI-2,Correlation Dimension,2.073003
70,1,ANI-2,Approximate Entropy,0.012778
70,1,ANI-2,Lyapunov Exponent,0.062664
70,1,ANI-4,Correlation Dimension,2.197181
70,1,ANI-4,Approximate Entropy,0.012336
70,1,ANI-4,Lyapunov Exponent,0.056105
80,1,Reference,Correlation Dimension,1.821599
80,1,Reference,Approximate Entropy,0.017576
80,1,Reference,Lyapunov Exponent,0.331611
80,1,Baseline,Correlation Dimension,1.821599
80,1,Baseline,Approximate Entropy,0.018112
80,1,Baseline,Lyapunov Exponent,0.377334
80,1,ANI-2,Correlation Dimension,1.821599
80,1,ANI-2,Approximate Entropy,0.017928
80,1,ANI-2,Lyapunov Exponent,0.383981
80,1,ANI-4,Correlation Dimension,1.821599
80,1,ANI-4,Approximate Entropy,0.017576
80,1,ANI-4,Lyapunov Exponent,0.331655
90,1,Reference,Correlation Dimension,1.728758
90,1,Reference,Approximate Entropy,0.014993
90,1,Reference,Lyapunov Exponent,0.395989
90,1,Baseline,Correlation Dimension,1.757009
90,1,Baseline,Approximate Entropy,0.021292
90,1,Baseline,Lyapunov Exponent,0.456435
90,1,ANI-2,Correlation Dimension,1.755080
90,1,ANI-2,Approximate Entropy,0.021420
90,1,ANI-2,Lyapunov Exponent,0.420004
90,1,ANI-4,Correlation Dimension,1.728758
90,1,ANI-4,Approximate Entropy,0.014993
90,1,ANI-4,Lyapunov Exponent,0.434847
100,1,Reference,Correlation Dimension,1.722094
100,1,Reference,Approximate Entropy,0.020201
100,1,Reference,Lyapunov Exponent,0.017864
100,1,Baseline,Correlation Dimension,1.680916
100,1,Baseline,Approximate Entropy,0.019850
100,1,Baseline,Lyapunov Exponent,0.127567
100,1,ANI-2,Correlation Dimension,1.734444
100,1,ANI-2,Approximate Entropy,0.020219
100,1,ANI-2,Lyapunov Exponent,0.034441
100,1,ANI-4,Correlation Dimension,1.722094
100,1,ANI-4,Approximate Entropy,0.020201
100,1,ANI-4,Lyapunov Exponent,0.020511
110,1,Reference,Correlation Dimension,1.818188
110,1,Reference,Approximate Entropy,0.038406
110,1,Reference,Lyapunov Exponent,-0.179850
110,1,Baseline,Correlation Dimension,1.716290
110,1,Baseline,Approximate Entropy,0.028405
110,1,Baseline,Lyapunov Exponent,-0.141623
110,1,ANI-2,Correlation Dimension,1.818188
110,1,ANI-2,Approximate Entropy,0.039540
110,1,ANI-2,Lyapunov Exponent,-0.193650
110,1,ANI-4,Correlation Dimension,1.818188
110,1,ANI-4,Approximate Entropy,0.038568
110,1,ANI-4,Lyapunov Exponent,-0.138741
120,1,Reference,Correlation Dimension,1.848901
120,1,Reference,Approximate Entropy,0.039449
120,1,Reference,Lyapunov Exponent,0.248047
120,1,Baseline,Correlation Dimension,1.785662
120,1,Baseline,Approximate Entropy,0.036225
120,1,Baseline,Lyapunov Exponent,0.254290
120,1,ANI-2,Correlation Dimension,1.795630
120,1,ANI-2,Approximate Entropy,0.039684
120,1,ANI-2,Lyapunov Exponent,0.233923
120,1,ANI-4,Correlation Dimension,1.871885
120,1,ANI-4,Approximate Entropy,0.039792
120,1,ANI-4,Lyapunov Exponent,0.258960
130,1,Reference,Correlation Dimension,1.865864
130,1,Reference,Approximate Entropy,0.035566
130,1,Reference,Lyapunov Exponent,0.269542
130,1,Baseline,Correlation Dimension,1.815725
130,1,Baseline,Approximate Entropy,0.032625
130,1,Baseline,Lyapunov Exponent,0.350145
130,1,ANI-2,Correlation Dimension,1.907229
130,1,ANI-2,Approximate Entropy,0.035919
130,1,ANI-2,Lyapunov Exponent,0.233571
130,1,ANI-4,Correlation Dimension,1.875551
130,1,ANI-4,Approximate Entropy,0.035682
130,1,ANI-4,Lyapunov Exponent,0.338773
140,1,Reference,Correlation Dimension,1.913594
140,1,Reference,Approximate Entropy,0.037984
140,1,Reference,Lyapunov Exponent,0.414391
140,1,Baseline,Correlation Dimension,1.833804
140,1,Baseline,Approximate Entropy,0.034976
140,1,Baseline,Lyapunov Exponent,0.403928
140,1,ANI-2,Correlation Dimension,1.913594
140,1,ANI-2,Approximate Entropy,0.038051
140,1,ANI-2,Lyapunov Exponent,0.438106
140,1,ANI-4,Correlation Dimension,1.922934
140,1,ANI-4,Approximate Entropy,0.037999
140,1,ANI-4,Lyapunov Exponent,0.423756
150,1,Reference,Correlation Dimension,2.010019
150,1,Reference,Approximate Entropy,0.034609
150,1,Reference,Lyapunov Exponent,0.473821
150,1,Baseline,Correlation Dimension,1.995335
150,1,Baseline,Approximate Entropy,0.031760
150,1,Baseline,Lyapunov Exponent,0.446154
150,1,ANI-2,Correlation Dimension,2.027867
150,1,ANI-2,Approximate Entropy,0.034783
150,1,ANI-2,Lyapunov Exponent,0.470749
150,1,ANI-4,Correlation Dimension,2.078814
150,1,ANI-4,Approximate Entropy,0.035043
150,1,ANI-4,Lyapunov Exponent,0.484125
160,1,Reference,Correlation Dimension,1.864841
160,1,Reference,Approximate Entropy,0.030275
160,1,Reference,Lyapunov Exponent,0.543862
160,1,Baseline,Correlation Dimension,1.863369
160,1,Baseline,Approximate Entropy,0.034095
160,1,Baseline,Lyapunov Exponent,0.545278
160,1,ANI-2,Correlation Dimension,1.881127
160,1,ANI-2,Approximate Entropy,0.036817
160,1,ANI-2,Lyapunov Exponent,0.541244
160,1,ANI-4,Correlation Dimension,1.864841
160,1,ANI-4,Approximate Entropy,0.030122
160,1,ANI-4,Lyapunov Exponent,0.552653
170,1,Reference,Correlation Dimension,1.778750
170,1,Reference,Approximate Entropy,0.030261
170,1,Reference,Lyapunov Exponent,0.526562
170,1,Baseline,Correlation Dimension,1.765673
170,1,Baseline,Approximate Entropy,0.033565
170,1,Baseline,Lyapunov Exponent,0.519483
170,1,ANI-2,Correlation Dimension,1.758797
170,1,ANI-2,Approximate Entropy,0.036173
170,1,ANI-2,Lyapunov Exponent,0.528475
170,1,ANI-4,Correlation Dimension,1.778750
170,1,ANI-4,Approximate Entropy,0.030115
170,1,ANI-4,Lyapunov Exponent,0.535415
180,1,Reference,Correlation Dimension,1.749661
180,1,Reference,Approximate Entropy,0.043008
180,1,Reference,Lyapunov Exponent,0.661065
180,1,Baseline,Correlation Dimension,1.787252
180,1,Baseline,Approximate Entropy,0.044889
180,1,Baseline,Lyapunov Exponent,0.624524
180,1,ANI-2,Correlation Dimension,1.806180
180,1,ANI-2,Approximate Entropy,0.049468
180,1,ANI-2,Lyapunov Exponent,0.602583
180,1,ANI-4,Correlation Dimension,1.762434
180,1,ANI-4,Approximate Entropy,0.043277
180,1,ANI-4,Lyapunov Exponent,0.648679
190,1,Reference,Correlation Dimension,1.739351
190,1,Reference,Approximate Entropy,0.057315
190,1,Reference,Lyapunov Exponent,0.572773
190,1,Baseline,Correlation Dimension,1.739351
190,1,Baseline,Approximate Entropy,0.061663
190,1,Baseline,Lyapunov Exponent,0.641894
190,1,ANI-2,Correlation Dimension,1.722094
190,1,ANI-2,Approximate Entropy,0.059010
190,1,ANI-2,Lyapunov Exponent,0.593145
190,1,ANI-4,Correlation Dimension,1.745570
190,1,ANI-4,Approximate Entropy,0.052538
190,1,ANI-4,Lyapunov Exponent,0.581381
200,1,Reference,Correlation Dimension,1.824488
200,1,Reference,Approximate Entropy,0.068052
200,1,Reference,Lyapunov Exponent,0.576787
200,1,Baseline,Correlation Dimension,1.849305
200,1,Baseline,Approximate Entropy,0.063213
200,1,Baseline,Lyapunov Exponent,0.577534
200,1,ANI-2,Correlation Dimension,1.868531
200,1,ANI-2,Approximate Entropy,0.069054
200,1,ANI-2,Lyapunov Exponent,0.592579
200,1,ANI-4,Correlation Dimension,1.824488
200,1,ANI-4,Approximate Entropy,0.068493
200,1,ANI-4,Lyapunov Exponent,0.596075
210,1,Reference,Correlation Dimension,2.061352
210,1,Reference,Approximate Entropy,0.067909
210,1,Reference,Lyapunov Exponent,0.516595
210,1,Baseline,Correlation Dimension,1.973224
210,1,Baseline,Approximate Entropy,0.064081
210,1,Baseline,Lyapunov Exponent,0.603512
210,1,ANI-2,Correlation Dimension,2.005263
210,1,ANI-2,Approximate Entropy,0.070316
210,1,ANI-2,Lyapunov Exponent,0.506371
210,1,ANI-4,Correlation Dimension,2.081491
210,1,ANI-4,Approximate Entropy,0.065282
210,1,ANI-4,Lyapunov Exponent,0.535419
220,1,Reference,Correlation Dimension,1.952726
220,1,Reference,Approximate Entropy,0.065119
220,1,Reference,Lyapunov Exponent,0.596150
220,1,Baseline,Correlation Dimension,2.096910
220,1,Baseline,Approximate Entropy,0.061604
220,1,Baseline,Lyapunov Exponent,0.727484
220,1,ANI-2,Correlation Dimension,2.145170
220,1,ANI-2,Approximate Entropy,0.067395
220,1,ANI-2,Lyapunov Exponent,0.705213
220,1,ANI-4,Correlation Dimension,1.959638
220,1,ANI-4,Approximate Entropy,0.063982
220,1,ANI-4,Lyapunov Exponent,0.635683
230,1,Reference,Correlation Dimension,3.266305
230,1,Reference,Approximate Entropy,0.060536
230,1,Reference,Lyapunov Exponent,0.355803
230,1,Baseline,Correlation Dimension,2.192787
230,1,Baseline,Approximate Entropy,0.059291
230,1,Baseline,Lyapunov Exponent,0.517460
230,1,ANI-2,Correlation Dimension,2.201561
230,1,ANI-2,Approximate Entropy,0.066456
230,1,ANI-2,Lyapunov Exponent,0.543113
230,1,ANI-4,Correlation Dimension,3.722164
230,1,ANI-4,Approximate Entropy,0.061553
230,1,ANI-4,Lyapunov Exponent,0.394875
240,1,Reference,Correlation Dimension,2.281707
240,1,Reference,Approximate Entropy,0.061083
240,1,Reference,Lyapunov Exponent,0.308625
240,1,Baseline,Correlation Dimension,2.229231
240,1,Baseline,Approximate Entropy,0.060615
240,1,Baseline,Lyapunov Exponent,0.418220
240,1,ANI-2,Correlation Dimension,2.061957
240,1,ANI-2,Approximate Entropy,0.065254
240,1,ANI-2,Lyapunov Exponent,0.410587
240,1,ANI-4,Correlation Dimension,2.352303
240,1,ANI-4,Approximate Entropy,0.059839
240,1,ANI-4,Lyapunov Exponent,0.318790
250,1,Reference,Correlation Dimension,2.383248
250,1,Reference,Approximate Entropy,0.059491
250,1,Reference,Lyapunov Exponent,0.367308
250,1,Baseline,Correlation Dimension,2.295347
250,1,Baseline,Approximate Entropy,0.058469
250,1,Baseline,Lyapunov Exponent,0.465693
250,1,ANI-2,Correlation Dimension,2.076710
250,1,ANI-2,Approximate Entropy,0.063478
250,1,ANI-2,Lyapunov Exponent,0.444947
250,1,ANI-4,Correlation Dimension,2.448517
250,1,ANI-4,Approximate Entropy,0.060779
250,1,ANI-4,Lyapunov Exponent,0.387026
260,1,Reference,Correlation Dimension,2.428640
260,1,Reference,Approximate Entropy,0.058231
260,1,Reference,Lyapunov Exponent,0.600556
260,1,Baseline,Correlation Dimension,2.170777
260,1,Baseline,Approximate Entropy,0.057754
260,1,Baseline,Lyapunov Exponent,0.625903
260,1,ANI-2,Correlation Dimension,2.001722
260,1,ANI-2,Approximate Entropy,0.060603
260,1,ANI-2,Lyapunov Exponent,0.621756
260,1,ANI-4,Correlation Dimension,2.497276
260,1,ANI-4,Approximate Entropy,0.059429
260,1,ANI-4,Lyapunov Exponent,0.621976
270,1,Reference,Correlation Dimension,2.481265
270,1,Reference,Approximate Entropy,0.056831
270,1,Reference,Lyapunov Exponent,0.668663
270,1,Baseline,Correlation Dimension,2.116552
270,1,Baseline,Approximate Entropy,0.060195
270,1,Baseline,Lyapunov Exponent,0.609312
270,1,ANI-2,Correlation Dimension,1.928562
270,1,ANI-2,Approximate Entropy,0.059997
270,1,ANI-2,Lyapunov Exponent,0.720857
270,1,ANI-4,Correlation Dimension,2.545553
270,1,ANI-4,Approximate Entropy,0.055636
270,1,ANI-4,Lyapunov Exponent,0.645197
280,1,Reference,Correlation Dimension,2.510913
280,1,Reference,Approximate Entropy,0.054803
280,1,Reference,Lyapunov Exponent,0.681832
280,1,Baseline,Correlation Dimension,2.048650
280,1,Baseline,Approximate Entropy,0.065194
280,1,Baseline,Lyapunov Exponent,0.602358
280,1,ANI-2,Correlation Dimension,1.925795
280,1,ANI-2,Approximate Entropy,0.065014
280,1,ANI-2,Lyapunov Exponent,0.712149
280,1,ANI-4,Correlation Dimension,2.516410
280,1,ANI-4,Approximate Entropy,0.056908
280,1,ANI-4,Lyapunov Exponent,0.672979
290,1,Reference,Correlation Dimension,2.471874
290,1,Reference,Approximate Entropy,0.058391
290,1,Reference,Lyapunov Exponent,0.631509
290,1,Baseline,Correlation Dimension,2.062087
290,1,Baseline,Approximate Entropy,0.065891
290,1,Baseline,Lyapunov Exponent,0.486835
290,1,ANI-2,Correlation Dimension,1.887200
290,1,ANI-2,Approximate Entropy,0.063679
290,1,ANI-2,Lyapunov Exponent,0.607578
290,1,ANI-4,Correlation Dimension,2.482446
290,1,ANI-4,Approximate Entropy,0.057962
290,1,ANI-4,Lyapunov Exponent,0.636263
300,1,Reference,Correlation Dimension,2.483755
300,1,Reference,Approximate Entropy,0.059688
300,1,Reference,Lyapunov Exponent,0.613031
300,1,Baseline,Correlation Dimension,3.155706
300,1,Baseline,Approximate Entropy,0.067091
300,1,Baseline,Lyapunov Exponent,0.449125
300,1,ANI-2,Correlation Dimension,1.988273
300,1,ANI-2,Approximate Entropy,0.067300
300,1,ANI-2,Lyapunov Exponent,0.616133
300,1,ANI-4,Correlation Dimension,2.547151
300,1,ANI-4,Approximate Entropy,0.064280
300,1,ANI-4,Lyapunov Exponent,0.618676
310,1,Reference,Correlation Dimension,2.505622
310,1,Reference,Approximate Entropy,0.063627
310,1,Reference,Lyapunov Exponent,0.657517
310,1,Baseline,Correlation Dimension,2.944501
310,1,Baseline,Approximate Entropy,0.064470
310,1,Baseline,Lyapunov Exponent,0.578285
310,1,ANI-2,Correlation Dimension,2.082619
310,1,ANI-2,Approximate Entropy,0.066561
310,1,ANI-2,Lyapunov Exponent,0.673027
310,1,ANI-4,Correlation Dimension,2.567711
310,1,ANI-4,Approximate Entropy,0.065819
310,1,ANI-4,Lyapunov Exponent,0.668332
320,1,Reference,Correlation Dimension,2.540111
320,1,Reference,Approximate Entropy,0.061532
320,1,Reference,Lyapunov Exponent,0.606384
320,1,Baseline,Correlation Dimension,2.992355
320,1,Baseline,Approximate Entropy,0.064585
320,1,Baseline,Lyapunov Exponent,0.518292
320,1,ANI-2,Correlation Dimension,2.131349
320,1,ANI-2,Approximate Entropy,0.065237
320,1,ANI-2,Lyapunov Exponent,0.618503
320,1,ANI-4,Correlation Dimension,2.597383
320,1,ANI-4,Approximate Entropy,0.066388
320,1,ANI-4,Lyapunov Exponent,0.610616
330,1,Reference,Correlation Dimension,2.587530
330,1,Reference,Approximate Entropy,0.063374
330,1,Reference,Lyapunov Exponent,0.544558
330,1,Baseline,Correlation Dimension,3.057135
330,1,Baseline,Approximate Entropy,0.065978
330,1,Baseline,Lyapunov Exponent,0.484710
330,1,ANI-2,Correlation Dimension,2.196349
330,1,ANI-2,Approximate Entropy,0.062999
330,1,ANI-2,Lyapunov Exponent,0.575766
330,1,ANI-4,Correlation Dimension,2.645142
330,1,ANI-4,Approximate Entropy,0.065591
330,1,ANI-4,Lyapunov Exponent,0.555673
340,1,Reference,Correlation Dimension,2.700044
340,1,Reference,Approximate Entropy,0.060830
340,1,Reference,Lyapunov Exponent,0.574225
340,1,Baseline,Correlation Dimension,2.495021
340,1,Baseline,Approximate Entropy,0.065723
340,1,Baseline,Lyapunov Exponent,0.339227
340,1,ANI-2,Correlation Dimension,2.254906
340,1,ANI-2,Approximate Entropy,0.061838
340,1,ANI-2,Lyapunov Exponent,0.600362
340,1,ANI-4,Correlation Dimension,2.695901
340,1,ANI-4,Approximate Entropy,0.067179
340,1,ANI-4,Lyapunov Exponent,0.583411
350,1,Reference,Correlation Dimension,2.722370
350,1,Reference,Approximate Entropy,0.059280
350,1,Reference,Lyapunov Exponent,0.618255
350,1,Baseline,Correlation Dimension,2.434098
350,1,Baseline,Approximate Entropy,0.064691
350,1,Baseline,Lyapunov Exponent,0.383595
350,1,ANI-2,Correlation Dimension,2.220170
350,1,ANI-2,Approximate Entropy,0.060454
350,1,ANI-2,Lyapunov Exponent,0.623108
350,1,ANI-4,Correlation Dimension,2.712316
350,1,ANI-4,Approximate Entropy,0.065062
350,1,ANI-4,Lyapunov Exponent,0.639047
360,1,Reference,Correlation Dimension,2.735211
360,1,Reference,Approximate Entropy,0.062265
360,1,Reference,Lyapunov Exponent,0.667488
360,1,Baseline,Correlation Dimension,2.415555
360,1,Baseline,Approximate Entropy,0.062360
360,1,Baseline,Lyapunov Exponent,0.477580
360,1,ANI-2,Correlation Dimension,2.221088
360,1,ANI-2,Approximate Entropy,0.062319
360,1,ANI-2,Lyapunov Exponent,0.686172
360,1,ANI-4,Correlation Dimension,2.727339
360,1,ANI-4,Approximate Entropy,0.068714
360,1,ANI-4,Lyapunov Exponent,0.696622
370,1,Reference,Correlation Dimension,2.747805
370,1,Reference,Approximate Entropy,0.066680
370,1,Reference,Lyapunov Exponent,0.605576
370,1,Baseline,Correlation Dimension,2.281287
370,1,Baseline,Approximate Entropy,0.061023
370,1,Baseline,Lyapunov Exponent,0.403141
370,1,ANI-2,Correlation Dimension,2.214102
370,1,ANI-2,Approximate Entropy,0.071930
370,1,ANI-2,Lyapunov Exponent,0.621454
370,1,ANI-4,Correlation Dimension,2.744920
370,1,ANI-4,Approximate Entropy,0.069872
370,1,ANI-4,Lyapunov Exponent,0.638765
380,1,Reference,Correlation Dimension,2.783279
380,1,Reference,Approximate Entropy,0.066447
380,1,Reference,Lyapunov Exponent,0.562060
380,1,Baseline,Correlation Dimension,2.272988
380,1,Baseline,Approximate Entropy,0.061745
380,1,Baseline,Lyapunov Exponent,0.272227
380,1,ANI-2,Correlation Dimension,2.280719
380,1,ANI-2,Approximate Entropy,0.075624
380,1,ANI-2,Lyapunov Exponent,0.581652
380,1,ANI-4,Correlation Dimension,2.775969
380,1,ANI-4,Approximate Entropy,0.068976
380,1,ANI-4,Lyapunov Exponent,0.607831
390,1,Reference,Correlation Dimension,2.796767
390,1,Reference,Approximate Entropy,0.063687
390,1,Reference,Lyapunov Exponent,0.564863
390,1,Baseline,Correlation Dimension,2.183898
390,1,Baseline,Approximate Entropy,0.065466
390,1,Baseline,Lyapunov Exponent,0.206622
390,1,ANI-2,Correlation Dimension,2.290965
390,1,ANI-2,Approximate Entropy,0.073005
390,1,ANI-2,Lyapunov Exponent,0.556853
390,1,ANI-4,Correlation Dimension,2.859143
390,1,ANI-4,Approximate Entropy,0.066155
390,1,ANI-4,Lyapunov Exponent,0.609046
400,1,Reference,Correlation Dimension,2.807359
400,1,Reference,Approximate Entropy,0.067153
400,1,Reference,Lyapunov Exponent,0.685262
400,1,Baseline,Correlation Dimension,2.117430
400,1,Baseline,Approximate Entropy,0.063194
400,1,Baseline,Lyapunov Exponent,0.274782
400,1,ANI-2,Correlation Dimension,2.306183
400,1,ANI-2,Approximate Entropy,0.074936
400,1,ANI-2,Lyapunov Exponent,0.668223
400,1,ANI-4,Correlation Dimension,2.870721
400,1,ANI-4,Approximate Entropy,0.069688
400,1,ANI-4,Lyapunov Exponent,0.699724
410,1,Reference,Correlation Dimension,2.824640
410,1,Reference,Approximate Entropy,0.068181
410,1,Reference,Lyapunov Exponent,0.669240
410,1,Baseline,Correlation Dimension,2.046276
410,1,Baseline,Approximate Entropy,0.062879
410,1,Baseline,Lyapunov Exponent,0.256070
410,1,ANI-2,Correlation Dimension,2.282720
410,1,ANI-2,Approximate Entropy,0.078986
410,1,ANI-2,Lyapunov Exponent,0.583034
410,1,ANI-4,Correlation Dimension,2.825492
410,1,ANI-4,Approximate Entropy,0.070417
410,1,ANI-4,Lyapunov Exponent,0.685072
420,1,Reference,Correlation Dimension,2.838977
420,1,Reference,Approximate Entropy,0.070206
420,1,Reference,Lyapunov Exponent,0.635665
420,1,Baseline,Correlation Dimension,1.983925
420,1,Baseline,Approximate Entropy,0.063898
420,1,Baseline,Lyapunov Exponent,0.194642
420,1,ANI-2,Correlation Dimension,2.350559
420,1,ANI-2,Approximate Entropy,0.077930
420,1,ANI-2,Lyapunov Exponent,0.589299
420,1,ANI-4,Correlation Dimension,2.836469
420,1,ANI-4,Approximate Entropy,0.071522
420,1,ANI-4,Lyapunov Exponent,0.664468
430,1,Reference,Correlation Dimension,2.843962
430,1,Reference,Approximate Entropy,0.068656
430,1,Reference,Lyapunov Exponent,0.711279
430,1,Baseline,Correlation Dimension,1.966495
430,1,Baseline,Approximate Entropy,0.062862
430,1,Baseline,Lyapunov Exponent,0.180821
430,1,ANI-2,Correlation Dimension,2.352028
430,1,ANI-2,Approximate Entropy,0.076076
430,1,ANI-2,Lyapunov Exponent,0.652261
430,1,ANI-4,Correlation Dimension,2.912598
430,1,ANI-4,Approximate Entropy,0.071824
430,1,ANI-4,Lyapunov Exponent,0.715604
440,1,Reference,Correlation Dimension,2.851370
440,1,Reference,Approximate Entropy,0.068287
440,1,Reference,Lyapunov Exponent,0.755687
440,1,Baseline,Correlation Dimension,2.009922
440,1,Baseline,Approximate Entropy,0.061912
440,1,Baseline,Lyapunov Exponent,0.294389
440,1,ANI-2,Correlation Dimension,2.320519
440,1,ANI-2,Approximate Entropy,0.079776
440,1,ANI-2,Lyapunov Exponent,0.704233
440,1,ANI-4,Correlation Dimension,2.920006
440,1,ANI-4,Approximate Entropy,0.070518
440,1,ANI-4,Lyapunov Exponent,0.773777
450,1,Reference,Correlation Dimension,2.860310
450,1,Reference,Approximate Entropy,0.076397
450,1,Reference,Lyapunov Exponent,0.848558
450,1,Baseline,Correlation Dimension,1.982311
450,1,Baseline,Approximate Entropy,0.063351
450,1,Baseline,Lyapunov Exponent,0.282053
450,1,ANI-2,Correlation Dimension,2.316231
450,1,ANI-2,Approximate Entropy,0.079640
450,1,ANI-2,Lyapunov Exponent,0.863067
450,1,ANI-4,Correlation Dimension,2.932970
450,1,ANI-4,Approximate Entropy,0.076422
450,1,ANI-4,Lyapunov Exponent,0.815442
460,1,Reference,Correlation Dimension,2.873100
460,1,Reference,Approximate Entropy,0.080029
460,1,Reference,Lyapunov Exponent,0.836288
460,1,Baseline,Correlation Dimension,1.954545
460,1,Baseline,Approximate Entropy,0.062557
460,1,Baseline,Lyapunov Exponent,0.240038
460,1,ANI-2,Correlation Dimension,2.306654
460,1,ANI-2,Approximate Entropy,0.079526
460,1,ANI-2,Lyapunov Exponent,0.878045
460,1,ANI-4,Correlation Dimension,2.943317
460,1,ANI-4,Approximate Entropy,0.079488
460,1,ANI-4,Lyapunov Exponent,0.806948
470,1,Reference,Correlation Dimension,2.886419
470,1,Reference,Approximate Entropy,0.078706
470,1,Reference,Lyapunov Exponent,0.867313
470,1,Baseline,Correlation Dimension,1.986767
470,1,Baseline,Approximate Entropy,0.067757
470,1,Baseline,Lyapunov Exponent,0.188229
470,1,ANI-2,Correlation Dimension,2.385842
470,1,ANI-2,Approximate Entropy,0.081543
470,1,ANI-2,Lyapunov Exponent,0.849298
470,1,ANI-4,Correlation Dimension,2.955830
470,1,ANI-4,Approximate Entropy,0.080402
470,1,ANI-4,Lyapunov Exponent,0.827808
480,1,Reference,Correlation Dimension,2.921885
480,1,Reference,Approximate Entropy,0.075711
480,1,Reference,Lyapunov Exponent,0.748268
480,1,Baseline,Correlation Dimension,2.074444
480,1,Baseline,Approximate Entropy,0.066622
480,1,Baseline,Lyapunov Exponent,0.211899
480,1,ANI-2,Correlation Dimension,2.401714
480,1,ANI-2,Approximate Entropy,0.079388
480,1,ANI-2,Lyapunov Exponent,0.848481
480,1,ANI-4,Correlation Dimension,2.860530
480,1,ANI-4,Approximate Entropy,0.079790
480,1,ANI-4,Lyapunov Exponent,0.744581
490,1,Reference,Correlation Dimension,2.947803
490,1,Reference,Approximate Entropy,0.077813
490,1,Reference,Lyapunov Exponent,0.769193
490,1,Baseline,Correlation Dimension,2.096041
490,1,Baseline,Approximate Entropy,0.065530
490,1,Baseline,Lyapunov Exponent,0.221078
490,1,ANI-2,Correlation Dimension,2.440058
490,1,ANI-2,Approximate Entropy,0.076765
490,1,ANI-2,Lyapunov Exponent,0.849026
490,1,ANI-4,Correlation Dimension,2.778298
490,1,ANI-4,Approximate Entropy,0.079620
490,1,ANI-4,Lyapunov Exponent,0.751322
500,1,Reference,Correlation Dimension,2.974763
500,1,Reference,Approximate Entropy,0.081994
500,1,Reference,Lyapunov Exponent,0.738639
500,1,Baseline,Correlation Dimension,2.112110
500,1,Baseline,Approximate Entropy,0.065793
500,1,Baseline,Lyapunov Exponent,0.221748
500,1,ANI-2,Correlation Dimension,2.378712
500,1,ANI-2,Approximate Entropy,0.077305
500,1,ANI-2,Lyapunov Exponent,0.803590
500,1,ANI-4,Correlation Dimension,2.759621
500,1,ANI-4,Approximate Entropy,0.080621
500,1,ANI-4,Lyapunov Exponent,0.741092
50,2,Reference,Correlation Dimension,1.431364
50,2,Reference,Approximate Entropy,0.007702
50,2,Reference,Lyapunov Exponent,0.948313
50,2,Baseline,Correlation Dimension,1.431364
50,2,Baseline,Approximate Entropy,0.007551
50,2,Baseline,Lyapunov Exponent,0.951702
50,2,ANI-2,Correlation Dimension,1.431364
50,2,ANI-2,Approximate Entropy,0.007551
50,2,ANI-2,Lyapunov Exponent,0.946317
50,2,ANI-4,Correlation Dimension,1.431364
50,2,ANI-4,Approximate Entropy,0.007702
50,2,ANI-4,Lyapunov Exponent,0.944998
60,2,Reference,Correlation Dimension,1.558575
60,2,Reference,Approximate Entropy,0.003235
60,2,Reference,Lyapunov Exponent,0.486324
60,2,Baseline,Correlation Dimension,1.662862
60,2,Baseline,Approximate Entropy,0.003143
60,2,Baseline,Lyapunov Exponent,0.552000
60,2,ANI-2,Correlation Dimension,1.558575
60,2,ANI-2,Approximate Entropy,0.003143
60,2,ANI-2,Lyapunov Exponent,0.517511
60,2,ANI-4,Correlation Dimension,1.558575
60,2,ANI-4,Approximate Entropy,0.003235
60,2,ANI-4,Lyapunov Exponent,0.488133
70,2,Reference,Correlation Dimension,1.460000
70,2,Reference,Approximate Entropy,0.024251
70,2,Reference,Lyapunov Exponent,1.013882
70,2,Baseline,Correlation Dimension,1.577909
70,2,Baseline,Approximate Entropy,0.027708
70,2,Baseline,Lyapunov Exponent,1.002762
70,2,ANI-2,Correlation Dimension,1.488020
70,2,ANI-2,Approximate Entropy,0.024251
70,2,ANI-2,Lyapunov Exponent,1.017927
70,2,ANI-4,Correlation Dimension,1.460000
70,2,ANI-4,Approximate Entropy,0.024594
70,2,ANI-4,Lyapunov Exponent,1.014933
80,2,Reference,Correlation Dimension,1.806180
80,2,Reference,Approximate Entropy,0.023873
80,2,Reference,Lyapunov Exponent,0.566780
80,2,Baseline,Correlation Dimension,1.780880
80,2,Baseline,Approximate Entropy,0.023873
80,2,Baseline,Lyapunov Exponent,0.577152
80,2,ANI-2,Correlation Dimension,1.806180
80,2,ANI-2,Approximate Entropy,0.024051
80,2,ANI-2,Lyapunov Exponent,0.566945
80,2,ANI-4,Correlation Dimension,1.780880
80,2,ANI-4,Approximate Entropy,0.023873
80,2,ANI-4,Lyapunov Exponent,0.542308
90,2,Reference,Correlation Dimension,1.575134
90,2,Reference,Approximate Entropy,0.027164
90,2,Reference,Lyapunov Exponent,0.175434
90,2,Baseline,Correlation Dimension,1.575134
90,2,Baseline,Approximate Entropy,0.027545
90,2,Baseline,Lyapunov Exponent,0.166501
90,2,ANI-2,Correlation Dimension,1.575134
90,2,ANI-2,Approximate Entropy,0.027123
90,2,ANI-2,Lyapunov Exponent,0.154872
90,2,ANI-4,Correlation Dimension,1.661266
90,2,ANI-4,Approximate Entropy,0.027229
90,2,ANI-4,Lyapunov Exponent,0.184720
100,2,Reference,Correlation Dimension,1.756382
100,2,Reference,Approximate Entropy,0.023695
100,2,Reference,Lyapunov Exponent,0.653853
100,2,Baseline,Correlation Dimension,1.692814
100,2,Baseline,Approximate Entropy,0.023690
100,2,Baseline,Lyapunov Exponent,0.663034
100,2,ANI-2,Correlation Dimension,1.692814
100,2,ANI-2,Approximate Entropy,0.023643
100,2,ANI-2,Lyapunov Exponent,0.648534
100,2,ANI-4,Correlation Dimension,1.823211
100,2,ANI-4,Approximate Entropy,0.023695
100,2,ANI-4,Lyapunov Exponent,0.658597
110,2,Reference,Correlation Dimension,1.742612
110,2,Reference,Approximate Entropy,0.043829
110,2,Reference,Lyapunov Exponent,0.769866
110,2,Baseline,Correlation Dimension,1.726223
110,2,Baseline,Approximate Entropy,0.043771
110,2,Baseline,Lyapunov Exponent,0.754519
110,2,ANI-2,Correlation Dimension,1.726223
110,2,ANI-2,Approximate Entropy,0.049577
110,2,ANI-2,Lyapunov Exponent,0.717132
110,2,ANI-4,Correlation Dimension,1.682002
110,2,ANI-4,Approximate Entropy,0.044332
110,2,ANI-4,Lyapunov Exponent,0.765949
120,2,Reference,Correlation Dimension,2.227307
120,2,Reference,Approximate Entropy,0.045018
120,2,Reference,Lyapunov Exponent,0.698885
120,2,Baseline,Correlation Dimension,2.297750
120,2,Baseline,Approximate Entropy,0.045020
120,2,Baseline,Lyapunov Exponent,0.701418
120,2,ANI-2,Correlation Dimension,2.264010
120,2,ANI-2,Approximate Entropy,0.053205
120,2,ANI-2,Lyapunov Exponent,0.654898
120,2,ANI-4,Correlation Dimension,2.227307
120,2,ANI-4,Approximate Entropy,0.044964
120,2,ANI-4,Lyapunov Exponent,0.697862
130,2,Reference,Correlation Dimension,2.310100
130,2,Reference,Approximate Entropy,0.048789
130,2,Reference,Lyapunov Exponent,0.386712
130,2,Baseline,Correlation Dimension,2.318269
130,2,Baseline,Approximate Entropy,0.047975
130,2,Baseline,Lyapunov Exponent,0.375400
130,2,ANI-2,Correlation Dimension,2.246225
130,2,ANI-2,Approximate Entropy,0.065036
130,2,ANI-2,Lyapunov Exponent,0.327359
130,2,ANI-4,Correlation Dimension,2.270886
130,2,ANI-4,Approximate Entropy,0.048780
130,2,ANI-4,Lyapunov Exponent,0.379292
140,2,Reference,Correlation Dimension,1.956554
140,2,Reference,Approximate Entropy,0.044098
140,2,Reference,Lyapunov Exponent,0.518649
140,2,Baseline,Correlation Dimension,1.950364
140,2,Baseline,Approximate Entropy,0.044992
140,2,Baseline,Lyapunov Exponent,0.495346
140,2,ANI-2,Correlation Dimension,1.937896
140,2,ANI-2,Approximate Entropy,0.060536
140,2,ANI-2,Lyapunov Exponent,0.307524
140,2,ANI-4,Correlation Dimension,2.025501
140,2,ANI-4,Approximate Entropy,0.044164
140,2,ANI-4,Lyapunov Exponent,0.483031
150,2,Reference,Correlation Dimension,2.846441
150,2,Reference,Approximate Entropy,0.037355
150,2,Reference,Lyapunov Exponent,0.461330
150,2,Baseline,Correlation Dimension,2.846441
150,2,Baseline,Approximate Entropy,0.042894
150,2,Baseline,Lyapunov Exponent,0.451168
150,2,ANI-2,Correlation Dimension,1.921555
150,2,ANI-2,Approximate Entropy,0.042665
150,2,ANI-2,Lyapunov Exponent,0.514873
150,2,ANI-4,Correlation Dimension,2.653512
150,2,ANI-4,Approximate Entropy,0.037455
150,2,ANI-4,Lyapunov Exponent,0.352252
160,2,Reference,Correlation Dimension,2.896678
160,2,Reference,Approximate Entropy,0.036067
160,2,Reference,Lyapunov Exponent,0.422720
160,2,Baseline,Correlation Dimension,2.888999
160,2,Baseline,Approximate Entropy,0.036399
160,2,Baseline,Lyapunov Exponent,0.424391
160,2,ANI-2,Correlation Dimension,1.848212
160,2,ANI-2,Approximate Entropy,0.041372
160,2,ANI-2,Lyapunov Exponent,0.275538
160,2,ANI-4,Correlation Dimension,2.701591
160,2,ANI-4,Approximate Entropy,0.041304
160,2,ANI-4,Lyapunov Exponent,0.372481
170,2,Reference,Correlation Dimension,2.984620
170,2,Reference,Approximate Entropy,0.044231
170,2,Reference,Lyapunov Exponent,0.355692
170,2,Baseline,Correlation Dimension,2.989051
170,2,Baseline,Approximate Entropy,0.046367
170,2,Baseline,Lyapunov Exponent,0.355380
170,2,ANI-2,Correlation Dimension,2.350098
170,2,ANI-2,Approximate Entropy,0.047116
170,2,ANI-2,Lyapunov Exponent,0.083913
170,2,ANI-4,Correlation Dimension,2.788257
170,2,ANI-4,Approximate Entropy,0.044302
170,2,ANI-4,Lyapunov Exponent,0.331589
180,2,Reference,Correlation Dimension,3.343755
180,2,Reference,Approximate Entropy,0.045296
180,2,Reference,Lyapunov Exponent,0.390924
180,2,Baseline,Correlation Dimension,3.083450
180,2,Baseline,Approximate Entropy,0.046042
180,2,Baseline,Lyapunov Exponent,0.358613
180,2,ANI-2,Correlation Dimension,2.379130
180,2,ANI-2,Approximate Entropy,0.053396
180,2,ANI-2,Lyapunov Exponent,0.276752
180,2,ANI-4,Correlation Dimension,2.899851
180,2,ANI-4,Approximate Entropy,0.050025
180,2,ANI-4,Lyapunov Exponent,0.265658
190,2,Reference,Correlation Dimension,3.390107
190,2,Reference,Approximate Entropy,0.042439
190,2,Reference,Lyapunov Exponent,0.299100
190,2,Baseline,Correlation Dimension,2.940349
190,2,Baseline,Approximate Entropy,0.046215
190,2,Baseline,Lyapunov Exponent,0.229124
190,2,ANI-2,Correlation Dimension,2.420939
190,2,ANI-2,Approximate Entropy,0.050238
190,2,ANI-2,Lyapunov Exponent,0.117497
190,2,ANI-4,Correlation Dimension,2.933171
190,2,ANI-4,Approximate Entropy,0.041590
190,2,ANI-4,Lyapunov Exponent,0.227600
200,2,Reference,Correlation Dimension,2.714340
200,2,Reference,Approximate Entropy,0.043557
200,2,Reference,Lyapunov Exponent,0.219574
200,2,Baseline,Correlation Dimension,2.170737
200,2,Baseline,Approximate Entropy,0.049419
200,2,Baseline,Lyapunov Exponent,0.177387
200,2,ANI-2,Correlation Dimension,2.277771
200,2,ANI-2,Approximate Entropy,0.045233
200,2,ANI-2,Lyapunov Exponent,0.118762
200,2,ANI-4,Correlation Dimension,2.836469
200,2,ANI-4,Approximate Entropy,0.047891
200,2,ANI-4,Lyapunov Exponent,0.131972
210,2,Reference,Correlation Dimension,2.227161
210,2,Reference,Approximate Entropy,0.044004
210,2,Reference,Lyapunov Exponent,0.211051
210,2,Baseline,Correlation Dimension,1.945856
210,2,Baseline,Approximate Entropy,0.046460
210,2,Baseline,Lyapunov Exponent,0.193830
210,2,ANI-2,Correlation Dimension,2.102675
210,2,ANI-2,Approximate Entropy,0.048984
210,2,ANI-2,Lyapunov Exponent,0.148499
210,2,ANI-4,Correlation Dimension,2.276359
210,2,ANI-4,Approximate Entropy,0.049217
210,2,ANI-4,Lyapunov Exponent,0.088354
220,2,Reference,Correlation Dimension,2.398420
220,2,Reference,Approximate Entropy,0.043117
220,2,Reference,Lyapunov Exponent,0.457328
220,2,Baseline,Correlation Dimension,2.076191
220,2,Baseline,Approximate Entropy,0.046733
220,2,Baseline,Lyapunov Exponent,0.436366
220,2,ANI-2,Correlation Dimension,2.268414
220,2,ANI-2,Approximate Entropy,0.047069
220,2,ANI-2,Lyapunov Exponent,0.392509
220,2,ANI-4,Correlation Dimension,2.449036
220,2,ANI-4,Approximate Entropy,0.046858
220,2,ANI-4,Lyapunov Exponent,0.363014
230,2,Reference,Correlation Dimension,2.422346
230,2,Reference,Approximate Entropy,0.041602
230,2,Reference,Lyapunov Exponent,0.545864
230,2,Baseline,Correlation Dimension,2.121415
230,2,Baseline,Approximate Entropy,0.043834
230,2,Baseline,Lyapunov Exponent,0.550254
230,2,ANI-2,Correlation Dimension,2.307777
230,2,ANI-2,Approximate Entropy,0.045455
230,2,ANI-2,Lyapunov Exponent,0.462177
230,2,ANI-4,Correlation Dimension,2.472540
230,2,ANI-4,Approximate Entropy,0.045663
230,2,ANI-4,Lyapunov Exponent,0.456143
240,2,Reference,Correlation Dimension,2.425107
240,2,Reference,Approximate Entropy,0.038141
240,2,Reference,Lyapunov Exponent,0.509814
240,2,Baseline,Correlation Dimension,2.139279
240,2,Baseline,Approximate Entropy,0.040919
240,2,Baseline,Lyapunov Exponent,0.531146
240,2,ANI-2,Correlation Dimension,2.291445
240,2,ANI-2,Approximate Entropy,0.044533
240,2,ANI-2,Lyapunov Exponent,0.401341
240,2,ANI-4,Correlation Dimension,2.468133
240,2,ANI-4,Approximate Entropy,0.039419
240,2,ANI-4,Lyapunov Exponent,0.469701
250,2,Reference,Correlation Dimension,2.417304
250,2,Reference,Approximate Entropy,0.042051
250,2,Reference,Lyapunov Exponent,0.476852
250,2,Baseline,Correlation Dimension,2.035241
250,2,Baseline,Approximate Entropy,0.042757
250,2,Baseline,Lyapunov Exponent,0.427230
250,2,ANI-2,Correlation Dimension,2.323505
250,2,ANI-2,Approximate Entropy,0.048880
250,2,ANI-2,Lyapunov Exponent,0.421982
250,2,ANI-4,Correlation Dimension,2.507222
250,2,ANI-4,Approximate Entropy,0.044113
250,2,ANI-4,Lyapunov Exponent,0.365878
260,2,Reference,Correlation Dimension,2.574005
260,2,Reference,Approximate Entropy,0.045314
260,2,Reference,Lyapunov Exponent,0.608251
260,2,Baseline,Correlation Dimension,2.128280
260,2,Baseline,Approximate Entropy,0.045364
260,2,Baseline,Lyapunov Exponent,0.562254
260,2,ANI-2,Correlation Dimension,2.384087
260,2,ANI-2,Approximate Entropy,0.051096
260,2,ANI-2,Lyapunov Exponent,0.513054
260,2,ANI-4,Correlation Dimension,2.625597
260,2,ANI-4,Approximate Entropy,0.045250
260,2,ANI-4,Lyapunov Exponent,0.481080
270,2,Reference,Correlation Dimension,2.619173
270,2,Reference,Approximate Entropy,0.043245
270,2,Reference,Lyapunov Exponent,0.624537
270,2,Baseline,Correlation Dimension,2.173832
270,2,Baseline,Approximate Entropy,0.042915
270,2,Baseline,Lyapunov Exponent,0.592324
270,2,ANI-2,Correlation Dimension,2.498840
270,2,ANI-2,Approximate Entropy,0.049009
270,2,ANI-2,Lyapunov Exponent,0.537285
270,2,ANI-4,Correlation Dimension,2.671863
270,2,ANI-4,Approximate Entropy,0.043117
270,2,ANI-4,Lyapunov Exponent,0.498297
280,2,Reference,Correlation Dimension,2.647384
280,2,Reference,Approximate Entropy,0.042803
280,2,Reference,Lyapunov Exponent,0.635903
280,2,Baseline,Correlation Dimension,2.203259
280,2,Baseline,Approximate Entropy,0.040228
280,2,Baseline,Lyapunov Exponent,0.601089
280,2,ANI-2,Correlation Dimension,2.459976
280,2,ANI-2,Approximate Entropy,0.047265
280,2,ANI-2,Lyapunov Exponent,0.514034
280,2,ANI-4,Correlation Dimension,2.653327
280,2,ANI-4,Approximate Entropy,0.045248
280,2,ANI-4,Lyapunov Exponent,0.512327
290,2,Reference,Correlation Dimension,2.692081
290,2,Reference,Approximate Entropy,0.044166
290,2,Reference,Lyapunov Exponent,0.580573
290,2,Baseline,Correlation Dimension,2.246086
290,2,Baseline,Approximate Entropy,0.043133
290,2,Baseline,Lyapunov Exponent,0.547183
290,2,ANI-2,Correlation Dimension,2.564188
290,2,ANI-2,Approximate Entropy,0.047428
290,2,ANI-2,Lyapunov Exponent,0.468033
290,2,ANI-4,Correlation Dimension,2.740500
290,2,ANI-4,Approximate Entropy,0.044766
290,2,ANI-4,Lyapunov Exponent,0.467883
300,2,Reference,Correlation Dimension,2.814451
300,2,Reference,Approximate Entropy,0.043823
300,2,Reference,Lyapunov Exponent,0.607750
300,2,Baseline,Correlation Dimension,2.347427
300,2,Baseline,Approximate Entropy,0.046500
300,2,Baseline,Lyapunov Exponent,0.561139
300,2,ANI-2,Correlation Dimension,2.674215
300,2,ANI-2,Approximate Entropy,0.048647
300,2,ANI-2,Lyapunov Exponent,0.481922
300,2,ANI-4,Correlation Dimension,2.863346
300,2,ANI-4,Approximate Entropy,0.045843
300,2,ANI-4,Lyapunov Exponent,0.508248
310,2,Reference,Correlation Dimension,2.852888
310,2,Reference,Approximate Entropy,0.042867
310,2,Reference,Lyapunov Exponent,0.660372
310,2,Baseline,Correlation Dimension,2.391189
310,2,Baseline,Approximate Entropy,0.047124
310,2,Baseline,Lyapunov Exponent,0.610584
310,2,ANI-2,Correlation Dimension,2.711064
310,2,ANI-2,Approximate Entropy,0.048235
310,2,ANI-2,Lyapunov Exponent,0.541209
310,2,ANI-4,Correlation Dimension,2.898242
310,2,ANI-4,Approximate Entropy,0.045220
310,2,ANI-4,Lyapunov Exponent,0.559528
320,2,Reference,Correlation Dimension,2.874117
320,2,Reference,Approximate Entropy,0.044111
320,2,Reference,Lyapunov Exponent,0.675184
320,2,Baseline,Correlation Dimension,2.412014
320,2,Baseline,Approximate Entropy,0.044181
320,2,Baseline,Lyapunov Exponent,0.615219
320,2,ANI-2,Correlation Dimension,2.726989
320,2,ANI-2,Approximate Entropy,0.048294
320,2,ANI-2,Lyapunov Exponent,0.571505
320,2,ANI-4,Correlation Dimension,2.924648
320,2,ANI-4,Approximate Entropy,0.043997
320,2,ANI-4,Lyapunov Exponent,0.568864
330,2,Reference,Correlation Dimension,2.812049
330,2,Reference,Approximate Entropy,0.042688
330,2,Reference,Lyapunov Exponent,0.676531
330,2,Baseline,Correlation Dimension,2.397815
330,2,Baseline,Approximate Entropy,0.043060
330,2,Baseline,Lyapunov Exponent,0.592383
330,2,ANI-2,Correlation Dimension,2.645142
330,2,ANI-2,Approximate Entropy,0.046867
330,2,ANI-2,Lyapunov Exponent,0.578379
330,2,ANI-4,Correlation Dimension,2.858424
330,2,ANI-4,Approximate Entropy,0.044720
330,2,ANI-4,Lyapunov Exponent,0.555557
340,2,Reference,Correlation Dimension,2.876521
340,2,Reference,Approximate Entropy,0.049192
340,2,Reference,Lyapunov Exponent,0.632442
340,2,Baseline,Correlation Dimension,2.439511
340,2,Baseline,Approximate Entropy,0.044424
340,2,Baseline,Lyapunov Exponent,0.551384
340,2,ANI-2,Correlation Dimension,2.664507
340,2,ANI-2,Approximate Entropy,0.048247
340,2,ANI-2,Lyapunov Exponent,0.543758
340,2,ANI-4,Correlation Dimension,2.883309
340,2,ANI-4,Approximate Entropy,0.046342
340,2,ANI-4,Lyapunov Exponent,0.530278
350,2,Reference,Correlation Dimension,2.904771
350,2,Reference,Approximate Entropy,0.048475
350,2,Reference,Lyapunov Exponent,0.645548
350,2,Baseline,Correlation Dimension,2.474489
350,2,Baseline,Approximate Entropy,0.046163
350,2,Baseline,Lyapunov Exponent,0.571679
350,2,ANI-2,Correlation Dimension,2.684900
350,2,ANI-2,Approximate Entropy,0.049966
350,2,ANI-2,Lyapunov Exponent,0.538970
350,2,ANI-4,Correlation Dimension,2.955720
350,2,ANI-4,Approximate Entropy,0.047749
350,2,ANI-4,Lyapunov Exponent,0.554547
360,2,Reference,Correlation Dimension,2.917710
360,2,Reference,Approximate Entropy,0.047369
360,2,Reference,Lyapunov Exponent,0.627996
360,2,Baseline,Correlation Dimension,2.492719
360,2,Baseline,Approximate Entropy,0.045408
360,2,Baseline,Lyapunov Exponent,0.556222
360,2,ANI-2,Correlation Dimension,2.730354
360,2,ANI-2,Approximate Entropy,0.049694
360,2,ANI-2,Lyapunov Exponent,0.536751
360,2,ANI-4,Correlation Dimension,2.974859
360,2,ANI-4,Approximate Entropy,0.045768
360,2,ANI-4,Lyapunov Exponent,0.538489
370,2,Reference,Correlation Dimension,2.935692
370,2,Reference,Approximate Entropy,0.049380
370,2,Reference,Lyapunov Exponent,0.614120
370,2,Baseline,Correlation Dimension,2.514583
370,2,Baseline,Approximate Entropy,0.046563
370,2,Baseline,Lyapunov Exponent,0.530010
370,2,ANI-2,Correlation Dimension,2.712316
370,2,ANI-2,Approximate Entropy,0.050422
370,2,ANI-2,Lyapunov Exponent,0.516442
370,2,ANI-4,Correlation Dimension,2.995330
370,2,ANI-4,Approximate Entropy,0.048108
370,2,ANI-4,Lyapunov Exponent,0.516698
380,2,Reference,Correlation Dimension,3.016993
380,2,Reference,Approximate Entropy,0.047982
380,2,Reference,Lyapunov Exponent,0.599361
380,2,Baseline,Correlation Dimension,2.569236
380,2,Baseline,Approximate Entropy,0.047479
380,2,Baseline,Lyapunov Exponent,0.526683
380,2,ANI-2,Correlation Dimension,2.809690
380,2,ANI-2,Approximate Entropy,0.052532
380,2,ANI-2,Lyapunov Exponent,0.490940
380,2,ANI-4,Correlation Dimension,3.075168
380,2,ANI-4,Approximate Entropy,0.050119
380,2,ANI-4,Lyapunov Exponent,0.501926
390,2,Reference,Correlation Dimension,3.038398
390,2,Reference,Approximate Entropy,0.048863
390,2,Reference,Lyapunov Exponent,0.629945
390,2,Baseline,Correlation Dimension,2.596507
390,2,Baseline,Approximate Entropy,0.049358
390,2,Baseline,Lyapunov Exponent,0.564282
390,2,ANI-2,Correlation Dimension,2.871188
390,2,ANI-2,Approximate Entropy,0.054608
390,2,ANI-2,Lyapunov Exponent,0.519764
390,2,ANI-4,Correlation Dimension,3.097982
390,2,ANI-4,Approximate Entropy,0.050627
390,2,ANI-4,Lyapunov Exponent,0.538574
400,2,Reference,Correlation Dimension,3.050566
400,2,Reference,Approximate Entropy,0.048088
400,2,Reference,Lyapunov Exponent,0.677280
400,2,Baseline,Correlation Dimension,2.608499
400,2,Baseline,Approximate Entropy,0.049847
400,2,Baseline,Lyapunov Exponent,0.611776
400,2,ANI-2,Correlation Dimension,2.880001
400,2,ANI-2,Approximate Entropy,0.054325
400,2,ANI-2,Lyapunov Exponent,0.567897
400,2,ANI-4,Correlation Dimension,3.110366
400,2,ANI-4,Approximate Entropy,0.050260
400,2,ANI-4,Lyapunov Exponent,0.587360
410,2,Reference,Correlation Dimension,3.069659
410,2,Reference,Approximate Entropy,0.047953
410,2,Reference,Lyapunov Exponent,0.723685
410,2,Baseline,Correlation Dimension,2.587206
410,2,Baseline,Approximate Entropy,0.047267
410,2,Baseline,Lyapunov Exponent,0.655947
410,2,ANI-2,Correlation Dimension,2.896379
410,2,ANI-2,Approximate Entropy,0.052610
410,2,ANI-2,Lyapunov Exponent,0.608349
410,2,ANI-4,Correlation Dimension,3.134858
410,2,ANI-4,Approximate Entropy,0.048969
410,2,ANI-4,Lyapunov Exponent,0.632510
420,2,Reference,Correlation Dimension,3.038778
420,2,Reference,Approximate Entropy,0.047746
420,2,Reference,Lyapunov Exponent,0.707313
420,2,Baseline,Correlation Dimension,2.544226
420,2,Baseline,Approximate Entropy,0.045256
420,2,Baseline,Lyapunov Exponent,0.677785
420,2,ANI-2,Correlation Dimension,2.839020
420,2,ANI-2,Approximate Entropy,0.048819
420,2,ANI-2,Lyapunov Exponent,0.587424
420,2,ANI-4,Correlation Dimension,3.105453
420,2,ANI-4,Approximate Entropy,0.046773
420,2,ANI-4,Lyapunov Exponent,0.641743
430,2,Reference,Correlation Dimension,3.009298
430,2,Reference,Approximate Entropy,0.048310
430,2,Reference,Lyapunov Exponent,0.681196
430,2,Baseline,Correlation Dimension,2.531219
430,2,Baseline,Approximate Entropy,0.043993
430,2,Baseline,Lyapunov Exponent,0.651620
430,2,ANI-2,Correlation Dimension,2.809981
430,2,ANI-2,Approximate Entropy,0.055412
430,2,ANI-2,Lyapunov Exponent,0.560425
430,2,ANI-4,Correlation Dimension,2.996927
430,2,ANI-4,Approximate Entropy,0.044910
430,2,ANI-4,Lyapunov Exponent,0.617038
440,2,Reference,Correlation Dimension,3.048122
440,2,Reference,Approximate Entropy,0.051106
440,2,Reference,Lyapunov Exponent,0.680747
440,2,Baseline,Correlation Dimension,2.531591
440,2,Baseline,Approximate Entropy,0.047202
440,2,Baseline,Lyapunov Exponent,0.641574
440,2,ANI-2,Correlation Dimension,2.874681
440,2,ANI-2,Approximate Entropy,0.057562
440,2,ANI-2,Lyapunov Exponent,0.573804
440,2,ANI-4,Correlation Dimension,3.034493
440,2,ANI-4,Approximate Entropy,0.047953
440,2,ANI-4,Lyapunov Exponent,0.610931
450,2,Reference,Correlation Dimension,3.049331
450,2,Reference,Approximate Entropy,0.050122
450,2,Reference,Lyapunov Exponent,0.707077
450,2,Baseline,Correlation Dimension,2.549942
450,2,Baseline,Approximate Entropy,0.047659
450,2,Baseline,Lyapunov Exponent,0.662345
450,2,ANI-2,Correlation Dimension,2.915853
450,2,ANI-2,Approximate Entropy,0.056520
450,2,ANI-2,Lyapunov Exponent,0.593563
450,2,ANI-4,Correlation Dimension,3.080386
450,2,ANI-4,Approximate Entropy,0.048950
450,2,ANI-4,Lyapunov Exponent,0.639706
460,2,Reference,Correlation Dimension,3.058526
460,2,Reference,Approximate Entropy,0.049392
460,2,Reference,Lyapunov Exponent,0.693387
460,2,Baseline,Correlation Dimension,2.556226
460,2,Baseline,Approximate Entropy,0.048699
460,2,Baseline,Lyapunov Exponent,0.658732
460,2,ANI-2,Correlation Dimension,2.886419
460,2,ANI-2,Approximate Entropy,0.054260
460,2,ANI-2,Lyapunov Exponent,0.583040
460,2,ANI-4,Correlation Dimension,3.044456
460,2,ANI-4,Approximate Entropy,0.047875
460,2,ANI-4,Lyapunov Exponent,0.626916
470,2,Reference,Correlation Dimension,3.054943
470,2,Reference,Approximate Entropy,0.048414
470,2,Reference,Lyapunov Exponent,0.668196
470,2,Baseline,Correlation Dimension,2.555858
470,2,Baseline,Approximate Entropy,0.048114
470,2,Baseline,Lyapunov Exponent,0.636369
470,2,ANI-2,Correlation Dimension,2.920198
470,2,ANI-2,Approximate Entropy,0.055328
470,2,ANI-2,Lyapunov Exponent,0.560753
470,2,ANI-4,Correlation Dimension,3.085357
470,2,ANI-4,Approximate Entropy,0.048148
470,2,ANI-4,Lyapunov Exponent,0.603288
480,2,Reference,Correlation Dimension,3.056140
480,2,Reference,Approximate Entropy,0.048761
480,2,Reference,Lyapunov Exponent,0.678322
480,2,Baseline,Correlation Dimension,2.570680
480,2,Baseline,Approximate Entropy,0.047892
480,2,Baseline,Lyapunov Exponent,0.635597
480,2,ANI-2,Correlation Dimension,2.918898
480,2,ANI-2,Approximate Entropy,0.056563
480,2,ANI-2,Lyapunov Exponent,0.574063
480,2,ANI-4,Correlation Dimension,3.127630
480,2,ANI-4,Approximate Entropy,0.048822
480,2,ANI-4,Lyapunov Exponent,0.609953
490,2,Reference,Correlation Dimension,3.109398
490,2,Reference,Approximate Entropy,0.048403
490,2,Reference,Lyapunov Exponent,0.674643
490,2,Baseline,Correlation Dimension,2.577313
490,2,Baseline,Approximate Entropy,0.048461
490,2,Baseline,Lyapunov Exponent,0.642515
490,2,ANI-2,Correlation Dimension,2.926663
490,2,ANI-2,Approximate Entropy,0.059076
490,2,ANI-2,Lyapunov Exponent,0.579278
490,2,ANI-4,Correlation Dimension,3.134101
490,2,ANI-4,Approximate Entropy,0.048597
490,2,ANI-4,Lyapunov Exponent,0.604028
500,2,Reference,Correlation Dimension,3.071885
500,2,Reference,Approximate Entropy,0.052550
500,2,Reference,Lyapunov Exponent,0.708256
500,2,Baseline,Correlation Dimension,2.584241
500,2,Baseline,Approximate Entropy,0.047049
500,2,Baseline,Lyapunov Exponent,0.654810
500,2,ANI-2,Correlation Dimension,2.939824
500,2,ANI-2,Approximate Entropy,0.061820
500,2,ANI-2,Lyapunov Exponent,0.636573
500,2,ANI-4,Correlation Dimension,3.140883
500,2,ANI-4,Approximate Entropy,0.047558
500,2,ANI-4,Lyapunov Exponent,0.639248
50,3,Reference,Correlation Dimension,2.160478
50,3,Reference,Approximate Entropy,0.007116
50,3,Reference,Lyapunov Exponent,-0.329514
50,3,Baseline,Correlation Dimension,2.334454
50,3,Baseline,Approximate Entropy,0.018037
50,3,Baseline,Lyapunov Exponent,-0.290184
50,3,ANI-2,Correlation Dimension,2.160478
50,3,ANI-2,Approximate Entropy,0.006899
50,3,ANI-2,Lyapunov Exponent,-0.330975
50,3,ANI-4,Correlation Dimension,2.160478
50,3,ANI-4,Approximate Entropy,0.006899
50,3,ANI-4,Lyapunov Exponent,-0.330048
60,3,Reference,Correlation Dimension,2.487911
60,3,Reference,Approximate Entropy,0.021630
60,3,Reference,Lyapunov Exponent,-0.459021
60,3,Baseline,Correlation Dimension,2.637533
60,3,Baseline,Approximate Entropy,0.022410
60,3,Baseline,Lyapunov Exponent,-0.412539
60,3,ANI-2,Correlation Dimension,2.487911
60,3,ANI-2,Approximate Entropy,0.012562
60,3,ANI-2,Lyapunov Exponent,-0.463098
60,3,ANI-4,Correlation Dimension,2.487911
60,3,ANI-4,Approximate Entropy,0.021630
60,3,ANI-4,Lyapunov Exponent,-0.460161
70,3,Reference,Correlation Dimension,2.193464
70,3,Reference,Approximate Entropy,0.021023
70,3,Reference,Lyapunov Exponent,-0.525210
70,3,Baseline,Correlation Dimension,2.392369
70,3,Baseline,Approximate Entropy,0.017182
70,3,Baseline,Lyapunov Exponent,-0.554863
70,3,ANI-2,Correlation Dimension,2.115391
70,3,ANI-2,Approximate Entropy,0.021023
70,3,ANI-2,Lyapunov Exponent,-0.484909
70,3,ANI-4,Correlation Dimension,2.193464
70,3,ANI-4,Approximate Entropy,0.021023
70,3,ANI-4,Lyapunov Exponent,-0.507925
80,3,Reference,Correlation Dimension,2.568703
80,3,Reference,Approximate Entropy,0.039756
80,3,Reference,Lyapunov Exponent,-0.902419
80,3,Baseline,Correlation Dimension,3.089890
80,3,Baseline,Approximate Entropy,0.036515
80,3,Baseline,Lyapunov Exponent,-0.930988
80,3,ANI-2,Correlation Dimension,2.471726
80,3,ANI-2,Approximate Entropy,0.039709
80,3,ANI-2,Lyapunov Exponent,-0.907922
80,3,ANI-4,Correlation Dimension,2.568703
80,3,ANI-4,Approximate Entropy,0.039756
80,3,ANI-4,Lyapunov Exponent,-0.913053
90,3,Reference,Correlation Dimension,2.180996
90,3,Reference,Approximate Entropy,0.034826
90,3,Reference,Lyapunov Exponent,-0.224856
90,3,Baseline,Correlation Dimension,2.795206
90,3,Baseline,Approximate Entropy,0.032743
90,3,Baseline,Lyapunov Exponent,-0.236556
90,3,ANI-2,Correlation Dimension,2.194498
90,3,ANI-2,Approximate Entropy,0.036789
90,3,ANI-2,Lyapunov Exponent,-0.236310
90,3,ANI-4,Correlation Dimension,2.180996
90,3,ANI-4,Approximate Entropy,0.034826
90,3,ANI-4,Lyapunov Exponent,-0.203423
100,3,Reference,Correlation Dimension,2.396805
100,3,Reference,Approximate Entropy,0.031422
100,3,Reference,Lyapunov Exponent,-0.442734
100,3,Baseline,Correlation Dimension,2.926922
100,3,Baseline,Approximate Entropy,0.029622
100,3,Baseline,Lyapunov Exponent,-0.466284
100,3,ANI-2,Correlation Dimension,2.334454
100,3,ANI-2,Approximate Entropy,0.033213
100,3,ANI-2,Lyapunov Exponent,-0.479721
100,3,ANI-4,Correlation Dimension,2.322334
100,3,ANI-4,Approximate Entropy,0.031422
100,3,ANI-4,Lyapunov Exponent,-0.441387
110,3,Reference,Correlation Dimension,2.754990
110,3,Reference,Approximate Entropy,0.043040
110,3,Reference,Lyapunov Exponent,-0.289524
110,3,Baseline,Correlation Dimension,3.261451
110,3,Baseline,Approximate Entropy,0.046754
110,3,Baseline,Lyapunov Exponent,-0.254121
110,3,ANI-2,Correlation Dimension,2.592198
110,3,ANI-2,Approximate Entropy,0.038508
110,3,ANI-2,Lyapunov Exponent,-0.294997
110,3,ANI-4,Correlation Dimension,2.665100
110,3,ANI-4,Approximate Entropy,0.043427
110,3,ANI-4,Lyapunov Exponent,-0.288854
120,3,Reference,Correlation Dimension,3.248356
120,3,Reference,Approximate Entropy,0.051296
120,3,Reference,Lyapunov Exponent,-0.476394
120,3,Baseline,Correlation Dimension,4.795277
120,3,Baseline,Approximate Entropy,0.038669
120,3,Baseline,Lyapunov Exponent,-0.579486
120,3,ANI-2,Correlation Dimension,3.134901
120,3,ANI-2,Approximate Entropy,0.052685
120,3,ANI-2,Lyapunov Exponent,-0.484446
120,3,ANI-4,Correlation Dimension,3.134901
120,3,ANI-4,Approximate Entropy,0.050484
120,3,ANI-4,Lyapunov Exponent,-0.483364
130,3,Reference,Correlation Dimension,3.351814
130,3,Reference,Approximate Entropy,0.051694
130,3,Reference,Lyapunov Exponent,0.046252
130,3,Baseline,Correlation Dimension,4.535650
130,3,Baseline,Approximate Entropy,0.042223
130,3,Baseline,Lyapunov Exponent,0.105388
130,3,ANI-2,Correlation Dimension,3.361722
130,3,ANI-2,Approximate Entropy,0.053128
130,3,ANI-2,Lyapunov Exponent,0.055138
130,3,ANI-4,Correlation Dimension,3.351814
130,3,ANI-4,Approximate Entropy,0.051694
130,3,ANI-4,Lyapunov Exponent,0.032898
140,3,Reference,Correlation Dimension,3.124178
140,3,Reference,Approximate Entropy,0.049327
140,3,Reference,Lyapunov Exponent,0.173062
140,3,Baseline,Correlation Dimension,3.314206
140,3,Baseline,Approximate Entropy,0.047733
140,3,Baseline,Lyapunov Exponent,0.158496
140,3,ANI-2,Correlation Dimension,3.027624
140,3,ANI-2,Approximate Entropy,0.043033
140,3,ANI-2,Lyapunov Exponent,0.173455
140,3,ANI-4,Correlation Dimension,3.045720
140,3,ANI-4,Approximate Entropy,0.049664
140,3,ANI-4,Lyapunov Exponent,0.145552
150,3,Reference,Correlation Dimension,2.955830
150,3,Reference,Approximate Entropy,0.053069
150,3,Reference,Lyapunov Exponent,0.224957
150,3,Baseline,Correlation Dimension,3.237544
150,3,Baseline,Approximate Entropy,0.051325
150,3,Baseline,Lyapunov Exponent,0.200348
150,3,ANI-2,Correlation Dimension,2.889592
150,3,ANI-2,Approximate Entropy,0.037656
150,3,ANI-2,Lyapunov Exponent,0.227883
150,3,ANI-4,Correlation Dimension,2.801712
150,3,ANI-4,Approximate Entropy,0.053057
150,3,ANI-4,Lyapunov Exponent,0.205310
160,3,Reference,Correlation Dimension,2.727241
160,3,Reference,Approximate Entropy,0.042817
160,3,Reference,Lyapunov Exponent,0.128677
160,3,Baseline,Correlation Dimension,2.880699
160,3,Baseline,Approximate Entropy,0.050238
160,3,Baseline,Lyapunov Exponent,0.202540
160,3,ANI-2,Correlation Dimension,2.736134
160,3,ANI-2,Approximate Entropy,0.037867
160,3,ANI-2,Lyapunov Exponent,0.120475
160,3,ANI-4,Correlation Dimension,2.736134
160,3,ANI-4,Approximate Entropy,0.043419
160,3,ANI-4,Lyapunov Exponent,0.131885
170,3,Reference,Correlation Dimension,2.801712
170,3,Reference,Approximate Entropy,0.041087
170,3,Reference,Lyapunov Exponent,0.266492
170,3,Baseline,Correlation Dimension,2.964785
170,3,Baseline,Approximate Entropy,0.047394
170,3,Baseline,Lyapunov Exponent,0.305341
170,3,ANI-2,Correlation Dimension,2.736134
170,3,ANI-2,Approximate Entropy,0.035811
170,3,ANI-2,Lyapunov Exponent,0.259676
170,3,ANI-4,Correlation Dimension,2.727241
170,3,ANI-4,Approximate Entropy,0.041087
170,3,ANI-4,Lyapunov Exponent,0.278942
180,3,Reference,Correlation Dimension,2.617264
180,3,Reference,Approximate Entropy,0.043821
180,3,Reference,Lyapunov Exponent,0.444124
180,3,Baseline,Correlation Dimension,2.653820
180,3,Baseline,Approximate Entropy,0.039680
180,3,Baseline,Lyapunov Exponent,0.449928
180,3,ANI-2,Correlation Dimension,2.625184
180,3,ANI-2,Approximate Entropy,0.042242
180,3,ANI-2,Lyapunov Exponent,0.447501
180,3,ANI-4,Correlation Dimension,2.625184
180,3,ANI-4,Approximate Entropy,0.043982
180,3,ANI-4,Lyapunov Exponent,0.451964
190,3,Reference,Correlation Dimension,2.486123
190,3,Reference,Approximate Entropy,0.044296
190,3,Reference,Lyapunov Exponent,0.397212
190,3,Baseline,Correlation Dimension,2.507424
190,3,Baseline,Approximate Entropy,0.040584
190,3,Baseline,Lyapunov Exponent,0.438200
190,3,ANI-2,Correlation Dimension,2.528116
190,3,ANI-2,Approximate Entropy,0.043520
190,3,ANI-2,Lyapunov Exponent,0.388554
190,3,ANI-4,Correlation Dimension,2.424343
190,3,ANI-4,Approximate Entropy,0.042967
190,3,ANI-4,Lyapunov Exponent,0.410154
200,3,Reference,Correlation Dimension,2.435503
200,3,Reference,Approximate Entropy,0.040569
200,3,Reference,Lyapunov Exponent,0.463264
200,3,Baseline,Correlation Dimension,2.387640
200,3,Baseline,Approximate Entropy,0.040552
200,3,Baseline,Lyapunov Exponent,0.481614
200,3,ANI-2,Correlation Dimension,2.422474
200,3,ANI-2,Approximate Entropy,0.040553
200,3,ANI-2,Lyapunov Exponent,0.457824
200,3,ANI-4,Correlation Dimension,2.448403
200,3,ANI-4,Approximate Entropy,0.041175
200,3,ANI-4,Lyapunov Exponent,0.463205
210,3,Reference,Correlation Dimension,2.310764
210,3,Reference,Approximate Entropy,0.041730
210,3,Reference,Lyapunov Exponent,0.446394
210,3,Baseline,Correlation Dimension,2.352425
210,3,Baseline,Approximate Entropy,0.041538
210,3,Baseline,Lyapunov Exponent,0.462835
210,3,ANI-2,Correlation Dimension,2.322334
210,3,ANI-2,Approximate Entropy,0.041674
210,3,ANI-2,Lyapunov Exponent,0.439840
210,3,ANI-4,Correlation Dimension,2.310764
210,3,ANI-4,Approximate Entropy,0.041432
210,3,ANI-4,Lyapunov Exponent,0.448126
220,3,Reference,Correlation Dimension,2.221088
220,3,Reference,Approximate Entropy,0.037329
220,3,Reference,Lyapunov Exponent,0.409337
220,3,Baseline,Correlation Dimension,2.188916
220,3,Baseline,Approximate Entropy,0.035615
220,3,Baseline,Lyapunov Exponent,0.398381
220,3,ANI-2,Correlation Dimension,2.281982
220,3,ANI-2,Approximate Entropy,0.038549
220,3,ANI-2,Lyapunov Exponent,0.442141
220,3,ANI-4,Correlation Dimension,2.188916
220,3,ANI-4,Approximate Entropy,0.036136
220,3,ANI-4,Lyapunov Exponent,0.413819
230,3,Reference,Correlation Dimension,1.964797
230,3,Reference,Approximate Entropy,0.042478
230,3,Reference,Lyapunov Exponent,0.303103
230,3,Baseline,Correlation Dimension,1.992243
230,3,Baseline,Approximate Entropy,0.042313
230,3,Baseline,Lyapunov Exponent,0.328942
230,3,ANI-2,Correlation Dimension,1.954457
230,3,ANI-2,Approximate Entropy,0.041318
230,3,ANI-2,Lyapunov Exponent,0.341001
230,3,ANI-4,Correlation Dimension,1.946877
230,3,ANI-4,Approximate Entropy,0.039903
230,3,ANI-4,Lyapunov Exponent,0.266975
240,3,Reference,Correlation Dimension,2.004239
240,3,Reference,Approximate Entropy,0.057137
240,3,Reference,Lyapunov Exponent,0.305586
240,3,Baseline,Correlation Dimension,2.009639
240,3,Baseline,Approximate Entropy,0.044864
240,3,Baseline,Lyapunov Exponent,0.291404
240,3,ANI-2,Correlation Dimension,2.025788
240,3,ANI-2,Approximate Entropy,0.053400
240,3,ANI-2,Lyapunov Exponent,0.332293
240,3,ANI-4,Correlation Dimension,2.020837
240,3,ANI-4,Approximate Entropy,0.056201
240,3,ANI-4,Lyapunov Exponent,0.282813
250,3,Reference,Correlation Dimension,1.999554
250,3,Reference,Approximate Entropy,0.046180
250,3,Reference,Lyapunov Exponent,0.398871
250,3,Baseline,Correlation Dimension,2.068344
250,3,Baseline,Approximate Entropy,0.042794
250,3,Baseline,Lyapunov Exponent,0.211032
250,3,ANI-2,Correlation Dimension,1.977364
250,3,ANI-2,Approximate Entropy,0.044852
250,3,ANI-2,Lyapunov Exponent,0.436285
250,3,ANI-4,Correlation Dimension,2.000883
250,3,ANI-4,Approximate Entropy,0.044876
250,3,ANI-4,Lyapunov Exponent,0.380693
260,3,Reference,Correlation Dimension,2.053269
260,3,Reference,Approximate Entropy,0.040378
260,3,Reference,Lyapunov Exponent,0.483923
260,3,Baseline,Correlation Dimension,2.015770
260,3,Baseline,Approximate Entropy,0.040821
260,3,Baseline,Lyapunov Exponent,0.515917
260,3,ANI-2,Correlation Dimension,2.037678
260,3,ANI-2,Approximate Entropy,0.040028
260,3,ANI-2,Lyapunov Exponent,0.471269
260,3,ANI-4,Correlation Dimension,2.072151
260,3,ANI-4,Approximate Entropy,0.041541
260,3,ANI-4,Lyapunov Exponent,0.490984
270,3,Reference,Correlation Dimension,2.102887
270,3,Reference,Approximate Entropy,0.044964
270,3,Reference,Lyapunov Exponent,0.327001
270,3,Baseline,Correlation Dimension,1.920208
270,3,Baseline,Approximate Entropy,0.039867
270,3,Baseline,Lyapunov Exponent,0.404727
270,3,ANI-2,Correlation Dimension,2.087457
270,3,ANI-2,Approximate Entropy,0.044264
270,3,ANI-2,Lyapunov Exponent,0.312563
270,3,ANI-4,Correlation Dimension,2.117245
270,3,ANI-4,Approximate Entropy,0.045905
270,3,ANI-4,Lyapunov Exponent,0.291022
280,3,Reference,Correlation Dimension,2.092030
280,3,Reference,Approximate Entropy,0.037974
280,3,Reference,Lyapunov Exponent,0.353636
280,3,Baseline,Correlation Dimension,1.833230
280,3,Baseline,Approximate Entropy,0.043223
280,3,Baseline,Lyapunov Exponent,0.317015
280,3,ANI-2,Correlation Dimension,2.099462
280,3,ANI-2,Approximate Entropy,0.039839
280,3,ANI-2,Lyapunov Exponent,0.347458
280,3,ANI-4,Correlation Dimension,2.080221
280,3,ANI-4,Approximate Entropy,0.037675
280,3,ANI-4,Lyapunov Exponent,0.331228
290,3,Reference,Correlation Dimension,2.736189
290,3,Reference,Approximate Entropy,0.038177
290,3,Reference,Lyapunov Exponent,0.303230
290,3,Baseline,Correlation Dimension,2.633812
290,3,Baseline,Approximate Entropy,0.044456
290,3,Baseline,Lyapunov Exponent,0.378636
290,3,ANI-2,Correlation Dimension,2.874681
290,3,ANI-2,Approximate Entropy,0.036373
290,3,ANI-2,Lyapunov Exponent,0.362296
290,3,ANI-4,Correlation Dimension,2.676050
290,3,ANI-4,Approximate Entropy,0.037411
290,3,ANI-4,Lyapunov Exponent,0.300468
300,3,Reference,Correlation Dimension,2.512751
300,3,Reference,Approximate Entropy,0.043140
300,3,Reference,Lyapunov Exponent,0.333170
300,3,Baseline,Correlation Dimension,2.500303
300,3,Baseline,Approximate Entropy,0.041330
300,3,Baseline,Lyapunov Exponent,0.316423
300,3,ANI-2,Correlation Dimension,2.666321
300,3,ANI-2,Approximate Entropy,0.039079
300,3,ANI-2,Lyapunov Exponent,0.309010
300,3,ANI-4,Correlation Dimension,2.516410
300,3,ANI-4,Approximate Entropy,0.038423
300,3,ANI-4,Lyapunov Exponent,0.335462
310,3,Reference,Correlation Dimension,2.533519
310,3,Reference,Approximate Entropy,0.039454
310,3,Reference,Lyapunov Exponent,0.365483
310,3,Baseline,Correlation Dimension,2.515040
310,3,Baseline,Approximate Entropy,0.038438
310,3,Baseline,Lyapunov Exponent,0.335561
310,3,ANI-2,Correlation Dimension,2.626741
310,3,ANI-2,Approximate Entropy,0.039907
310,3,ANI-2,Lyapunov Exponent,0.320328
310,3,ANI-4,Correlation Dimension,2.456411
310,3,ANI-4,Approximate Entropy,0.039681
310,3,ANI-4,Lyapunov Exponent,0.366957
320,3,Reference,Correlation Dimension,2.458565
320,3,Reference,Approximate Entropy,0.043837
320,3,Reference,Lyapunov Exponent,0.368727
320,3,Baseline,Correlation Dimension,2.385004
320,3,Baseline,Approximate Entropy,0.039521
320,3,Baseline,Lyapunov Exponent,0.314714
320,3,ANI-2,Correlation Dimension,2.456901
320,3,ANI-2,Approximate Entropy,0.044754
320,3,ANI-2,Lyapunov Exponent,0.307192
320,3,ANI-4,Correlation Dimension,2.428310
320,3,ANI-4,Approximate Entropy,0.043499
320,3,ANI-4,Lyapunov Exponent,0.387440
330,3,Reference,Correlation Dimension,2.384415
330,3,Reference,Approximate Entropy,0.045780
330,3,Reference,Lyapunov Exponent,0.379429
330,3,Baseline,Correlation Dimension,2.314669
330,3,Baseline,Approximate Entropy,0.039128
330,3,Baseline,Lyapunov Exponent,0.404595
330,3,ANI-2,Correlation Dimension,2.385077
330,3,ANI-2,Approximate Entropy,0.046182
330,3,ANI-2,Lyapunov Exponent,0.314173
330,3,ANI-4,Correlation Dimension,2.340219
330,3,ANI-4,Approximate Entropy,0.046324
330,3,ANI-4,Lyapunov Exponent,0.380608
340,3,Reference,Correlation Dimension,2.279679
340,3,Reference,Approximate Entropy,0.049451
340,3,Reference,Lyapunov Exponent,0.384205
340,3,Baseline,Correlation Dimension,2.244876
340,3,Baseline,Approximate Entropy,0.042088
340,3,Baseline,Lyapunov Exponent,0.397657
340,3,ANI-2,Correlation Dimension,2.318959
340,3,ANI-2,Approximate Entropy,0.047665
340,3,ANI-2,Lyapunov Exponent,0.367550
340,3,ANI-4,Correlation Dimension,2.282845
340,3,ANI-4,Approximate Entropy,0.050231
340,3,ANI-4,Lyapunov Exponent,0.374691
350,3,Reference,Correlation Dimension,2.183103
350,3,Reference,Approximate Entropy,0.053985
350,3,Reference,Lyapunov Exponent,0.387640
350,3,Baseline,Correlation Dimension,2.223301
350,3,Baseline,Approximate Entropy,0.050383
350,3,Baseline,Lyapunov Exponent,0.289861
350,3,ANI-2,Correlation Dimension,2.283194
350,3,ANI-2,Approximate Entropy,0.047973
350,3,ANI-2,Lyapunov Exponent,0.515624
350,3,ANI-4,Correlation Dimension,2.127344
350,3,ANI-4,Approximate Entropy,0.050192
350,3,ANI-4,Lyapunov Exponent,0.515932
360,3,Reference,Correlation Dimension,2.010762
360,3,Reference,Approximate Entropy,0.049562
360,3,Reference,Lyapunov Exponent,0.484038
360,3,Baseline,Correlation Dimension,2.257088
360,3,Baseline,Approximate Entropy,0.047700
360,3,Baseline,Lyapunov Exponent,0.386328
360,3,ANI-2,Correlation Dimension,2.288572
360,3,ANI-2,Approximate Entropy,0.053994
360,3,ANI-2,Lyapunov Exponent,0.417828
360,3,ANI-4,Correlation Dimension,2.064550
360,3,ANI-4,Approximate Entropy,0.053019
360,3,ANI-4,Lyapunov Exponent,0.336620
370,3,Reference,Correlation Dimension,2.001326
370,3,Reference,Approximate Entropy,0.047713
370,3,Reference,Lyapunov Exponent,0.480574
370,3,Baseline,Correlation Dimension,2.260898
370,3,Baseline,Approximate Entropy,0.047360
370,3,Baseline,Lyapunov Exponent,0.333722
370,3,ANI-2,Correlation Dimension,2.287881
370,3,ANI-2,Approximate Entropy,0.052108
370,3,ANI-2,Lyapunov Exponent,0.409689
370,3,ANI-4,Correlation Dimension,2.110874
370,3,ANI-4,Approximate Entropy,0.055189
370,3,ANI-4,Lyapunov Exponent,0.323446
380,3,Reference,Correlation Dimension,2.006524
380,3,Reference,Approximate Entropy,0.053670
380,3,Reference,Lyapunov Exponent,0.426792
380,3,Baseline,Correlation Dimension,2.252771
380,3,Baseline,Approximate Entropy,0.046634
380,3,Baseline,Lyapunov Exponent,0.524101
380,3,ANI-2,Correlation Dimension,2.226161
380,3,ANI-2,Approximate Entropy,0.056600
380,3,ANI-2,Lyapunov Exponent,0.422758
380,3,ANI-4,Correlation Dimension,2.136470
380,3,ANI-4,Approximate Entropy,0.052442
380,3,ANI-4,Lyapunov Exponent,0.551874
390,3,Reference,Correlation Dimension,2.022682
390,3,Reference,Approximate Entropy,0.053106
390,3,Reference,Lyapunov Exponent,0.421313
390,3,Baseline,Correlation Dimension,2.226145
390,3,Baseline,Approximate Entropy,0.049948
390,3,Baseline,Lyapunov Exponent,0.561735
390,3,ANI-2,Correlation Dimension,2.239876
390,3,ANI-2,Approximate Entropy,0.057447
390,3,ANI-2,Lyapunov Exponent,0.337815
390,3,ANI-4,Correlation Dimension,2.137535
390,3,ANI-4,Approximate Entropy,0.055636
390,3,ANI-4,Lyapunov Exponent,0.598369
400,3,Reference,Correlation Dimension,2.022233
400,3,Reference,Approximate Entropy,0.057146
400,3,Reference,Lyapunov Exponent,0.396591
400,3,Baseline,Correlation Dimension,2.277154
400,3,Baseline,Approximate Entropy,0.048161
400,3,Baseline,Lyapunov Exponent,0.594973
400,3,ANI-2,Correlation Dimension,2.257175
400,3,ANI-2,Approximate Entropy,0.058060
400,3,ANI-2,Lyapunov Exponent,0.273198
400,3,ANI-4,Correlation Dimension,2.173975
400,3,ANI-4,Approximate Entropy,0.055400
400,3,ANI-4,Lyapunov Exponent,0.360226
410,3,Reference,Correlation Dimension,2.031433
410,3,Reference,Approximate Entropy,0.059039
410,3,Reference,Lyapunov Exponent,0.309228
410,3,Baseline,Correlation Dimension,2.264476
410,3,Baseline,Approximate Entropy,0.048152
410,3,Baseline,Lyapunov Exponent,0.629282
410,3,ANI-2,Correlation Dimension,2.262529
410,3,ANI-2,Approximate Entropy,0.056562
410,3,ANI-2,Lyapunov Exponent,0.313320
410,3,ANI-4,Correlation Dimension,2.214622
410,3,ANI-4,Approximate Entropy,0.058544
410,3,ANI-4,Lyapunov Exponent,0.501562
420,3,Reference,Correlation Dimension,2.066805
420,3,Reference,Approximate Entropy,0.057902
420,3,Reference,Lyapunov Exponent,0.360679
420,3,Baseline,Correlation Dimension,2.243432
420,3,Baseline,Approximate Entropy,0.053668
420,3,Baseline,Lyapunov Exponent,0.659573
420,3,ANI-2,Correlation Dimension,2.240038
420,3,ANI-2,Approximate Entropy,0.055076
420,3,ANI-2,Lyapunov Exponent,0.541887
420,3,ANI-4,Correlation Dimension,2.223055
420,3,ANI-4,Approximate Entropy,0.056902
420,3,ANI-4,Lyapunov Exponent,0.612060
430,3,Reference,Correlation Dimension,2.084178
430,3,Reference,Approximate Entropy,0.056391
430,3,Reference,Lyapunov Exponent,0.348821
430,3,Baseline,Correlation Dimension,2.172358
430,3,Baseline,Approximate Entropy,0.061232
430,3,Baseline,Lyapunov Exponent,0.706034
430,3,ANI-2,Correlation Dimension,2.128004
430,3,ANI-2,Approximate Entropy,0.054516
430,3,ANI-2,Lyapunov Exponent,0.589755
430,3,ANI-4,Correlation Dimension,2.213092
430,3,ANI-4,Approximate Entropy,0.058408
430,3,ANI-4,Lyapunov Exponent,0.479529
440,3,Reference,Correlation Dimension,2.095227
440,3,Reference,Approximate Entropy,0.054315
440,3,Reference,Lyapunov Exponent,0.388659
440,3,Baseline,Correlation Dimension,2.184983
440,3,Baseline,Approximate Entropy,0.065019
440,3,Baseline,Lyapunov Exponent,0.647240
440,3,ANI-2,Correlation Dimension,2.135946
440,3,ANI-2,Approximate Entropy,0.053167
440,3,ANI-2,Lyapunov Exponent,0.538725
440,3,ANI-4,Correlation Dimension,2.216199
440,3,ANI-4,Approximate Entropy,0.058940
440,3,ANI-4,Lyapunov Exponent,0.529388
450,3,Reference,Correlation Dimension,2.117098
450,3,Reference,Approximate Entropy,0.055715
450,3,Reference,Lyapunov Exponent,0.379135
450,3,Baseline,Correlation Dimension,2.194132
450,3,Baseline,Approximate Entropy,0.062155
450,3,Baseline,Lyapunov Exponent,0.665182
450,3,ANI-2,Correlation Dimension,2.140551
450,3,ANI-2,Approximate Entropy,0.057375
450,3,ANI-2,Lyapunov Exponent,0.511187
450,3,ANI-4,Correlation Dimension,2.227751
450,3,ANI-4,Approximate Entropy,0.062560
450,3,ANI-4,Lyapunov Exponent,0.519459
460,3,Reference,Correlation Dimension,2.138138
460,3,Reference,Approximate Entropy,0.055192
460,3,Reference,Lyapunov Exponent,0.415085
460,3,Baseline,Correlation Dimension,2.211012
460,3,Baseline,Approximate Entropy,0.061541
460,3,Baseline,Lyapunov Exponent,0.746103
460,3,ANI-2,Correlation Dimension,2.137497
460,3,ANI-2,Approximate Entropy,0.058102
460,3,ANI-2,Lyapunov Exponent,0.570794
460,3,ANI-4,Correlation Dimension,2.233960
460,3,ANI-4,Approximate Entropy,0.061495
460,3,ANI-4,Lyapunov Exponent,0.463708
470,3,Reference,Correlation Dimension,2.151055
470,3,Reference,Approximate Entropy,0.053934
470,3,Reference,Lyapunov Exponent,0.469440
470,3,Baseline,Correlation Dimension,2.211629
470,3,Baseline,Approximate Entropy,0.065322
470,3,Baseline,Lyapunov Exponent,0.760655
470,3,ANI-2,Correlation Dimension,2.138808
470,3,ANI-2,Approximate Entropy,0.060124
470,3,ANI-2,Lyapunov Exponent,0.634998
470,3,ANI-4,Correlation Dimension,2.193108
470,3,ANI-4,Approximate Entropy,0.056927
470,3,ANI-4,Lyapunov Exponent,0.609937
480,3,Reference,Correlation Dimension,2.159193
480,3,Reference,Approximate Entropy,0.053607
480,3,Reference,Lyapunov Exponent,0.539848
480,3,Baseline,Correlation Dimension,2.189089
480,3,Baseline,Approximate Entropy,0.066636
480,3,Baseline,Lyapunov Exponent,0.525239
480,3,ANI-2,Correlation Dimension,2.137934
480,3,ANI-2,Approximate Entropy,0.062017
480,3,ANI-2,Lyapunov Exponent,0.654498
480,3,ANI-4,Correlation Dimension,2.122924
480,3,ANI-4,Approximate Entropy,0.057492
480,3,ANI-4,Lyapunov Exponent,0.494678
490,3,Reference,Correlation Dimension,2.172236
490,3,Reference,Approximate Entropy,0.052492
490,3,Reference,Lyapunov Exponent,0.586201
490,3,Baseline,Correlation Dimension,2.095926
490,3,Baseline,Approximate Entropy,0.060540
490,3,Baseline,Lyapunov Exponent,0.486939
490,3,ANI-2,Correlation Dimension,2.160751
490,3,ANI-2,Approximate Entropy,0.061669
490,3,ANI-2,Lyapunov Exponent,0.506536
490,3,ANI-4,Correlation Dimension,2.119670
490,3,ANI-4,Approximate Entropy,0.063409
490,3,ANI-4,Lyapunov Exponent,0.490868
500,3,Reference,Correlation Dimension,2.171100
500,3,Reference,Approximate Entropy,0.051942
500,3,Reference,Lyapunov Exponent,0.516287
500,3,Baseline,Correlation Dimension,2.116400
500,3,Baseline,Approximate Entropy,0.065293
500,3,Baseline,Lyapunov Exponent,0.589941
500,3,ANI-2,Correlation Dimension,2.174533
500,3,ANI-2,Approximate Entropy,0.062160
500,3,ANI-2,Lyapunov Exponent,0.496523
500,3,ANI-4,Correlation Dimension,2.119670
500,3,ANI-4,Approximate Entropy,0.062516
500,3,ANI-4,Lyapunov Exponent,0.595231
